西區興業西路,2014,58,1,76
西區興業西路,2015,45,1,58
西區興業西路,2016,56,0,67
西區興業西路,2017,27,0,37
西區世賢路2段,2014,20,3,21
西區世賢路2段,2015,28,1,35
西區世賢路2段,2016,34,0,45
西區世賢路2段,2017,11,0,13
東區新生路維新路190巷,2014,1,1,0
西區友愛路,2014,35,1,48
西區友愛路,2015,37,0,45
西區友愛路,2016,45,1,52
西區友愛路,2017,34,0,42
西區北港路,2014,59,1,74
西區北港路,2015,61,0,76
西區北港路,2016,57,0,73
西區北港路,2017,37,0,43
東區吳鳳南路興安街,2014,3,1,6
東區吳鳳南路興安街,2015,5,0,7
東區吳鳳南路興安街,2016,5,0,5
西區大同路,2014,5,1,4
西區大同路,2015,6,0,11
西區大同路,2016,3,0,9
西區大同路,2017,15,0,18
東區林森東路,2014,44,1,59
東區林森東路,2015,60,0,70
東區林森東路,2016,40,0,52
東區林森東路,2017,51,1,63
東區吳鳳北路,2014,27,1,31
東區吳鳳北路,2015,35,0,44
東區吳鳳北路,2016,29,0,35
東區吳鳳北路,2017,12,0,14
西區高鐵大道與四維路,2014,2,1,1
西區高鐵大道與四維路,2017,1,0,1
西區友忠路７２３巷,2014,1,1,0
東區公明路,2014,16,0,20
東區公明路,2015,7,0,12
東區公明路,2016,11,0,14
東區公明路,2017,11,0,13
東區興業東路,2014,32,0,44
東區興業東路,2015,39,0,47
東區興業東路,2016,39,0,45
東區興業東路,2017,18,0,24
東區忠孝路,2014,140,0,198
東區忠孝路,2015,138,1,195
東區忠孝路,2016,124,0,176
東區忠孝路,2017,81,0,111
東區民族路,2014,47,0,66
東區民族路,2015,38,0,51
東區民族路,2016,24,0,28
東區民族路,2017,25,1,26
東區大雅路1段與文雅街,2014,1,0,2
西區湖仔內路,2014,2,0,3
西區湖仔內路,2015,1,1,0
西區湖仔內路,2017,1,0,1
東區吳鳳南路,2014,57,0,68
東區吳鳳南路,2015,50,0,67
東區吳鳳南路,2016,80,0,96
東區吳鳳南路,2017,56,0,72
東區小雅路,2014,12,0,23
東區小雅路,2015,16,0,22
東區小雅路,2016,9,0,11
東區小雅路,2017,8,0,10
東區和平路宣信街402巷,2014,1,0,1
東區忠孝路與保忠一街,2014,1,0,1
西區世賢路,2014,4,0,7
西區世賢路,2015,3,0,3
西區世賢路,2016,4,0,4
西區世賢路,2017,1,0,1
西區永和街,2014,2,0,3
西區永和街,2016,2,0,3
西區永和街,2017,9,0,13
西區蘭州一街,2014,2,0,2
西區蘭州一街,2015,1,0,1
西區蘭州一街,2016,7,0,11
西區友忠路,2014,17,0,19
西區友忠路,2015,20,0,21
西區友忠路,2016,18,0,22
西區友忠路,2017,20,0,20
東區林森東路與盧厝路段,2014,1,0,1
西區世賢路1段,2014,35,0,40
西區世賢路1段,2015,32,0,42
西區世賢路1段,2016,49,1,58
西區世賢路1段,2017,32,0,39
東區林森東路與林森東路口321巷,2014,1,0,2
東區義教街731巷,2014,2,0,2
東區義教街731巷,2015,5,0,6
東區義教街731巷,2016,4,0,7
西區友愛路與龍江街,2014,1,0,1
西區中山路,2014,58,0,71
西區中山路,2015,44,0,56
西區中山路,2016,42,0,53
西區中山路,2017,21,0,26
東區義教東路,2014,1,0,1
東區義教東路,2015,1,0,3
西區博愛路二段,2014,8,0,10
西區博愛路二段,2015,4,0,5
西區博愛路二段,2016,1,0,1
東區環潭道路,2014,4,0,5
東區環潭道路,2015,7,0,12
東區環潭道路,2016,4,0,5
東區環潭道路,2017,3,0,3
西區文化路,2014,41,0,58
西區文化路,2015,45,0,66
西區文化路,2016,49,0,62
西區文化路,2017,58,0,73
東區國道,2014,2,0,2
東區國道,2015,3,0,4
東區國道,2016,3,0,13
東區國道,2017,3,0,3
西區南京路15巷,2014,1,0,1
東區立仁路,2014,3,0,3
東區立仁路,2015,6,0,11
東區立仁路,2016,7,0,10
東區立仁路,2017,11,0,11
西區民生南路151巷,2014,2,0,2
西區民生南路151巷,2015,1,0,1
東區忠孝路與義教街７３１巷,2014,1,0,2
西區自由路,2014,25,0,35
西區自由路,2015,19,0,28
西區自由路,2016,16,0,18
西區自由路,2017,10,0,14
東區中山路,2014,44,0,60
東區中山路,2015,47,0,62
東區中山路,2016,42,0,55
東區中山路,2017,22,0,28
西區民生南路與６０巷,2014,1,0,1
東區市立博物館前路,2014,1,0,1
西區民生南路,2014,33,0,44
西區民生南路,2015,29,0,37
西區民生南路,2016,30,0,43
西區民生南路,2017,27,0,32
東區忠孝路與保健街,2014,1,0,1
東區民族路與文昌街,2014,1,0,1
東區宣信街,2014,14,0,20
東區宣信街,2015,16,0,22
東區宣信街,2016,15,0,22
東區宣信街,2017,13,0,16
東區忠孝路與世賢路一段,2014,3,0,5
東區忠孝路與世賢路一段,2015,1,0,1
東區大雅路2段,2014,30,0,39
東區大雅路2段,2015,32,0,41
東區大雅路2段,2016,37,1,50
東區大雅路2段,2017,26,0,30
西區中山路與西榮街,2014,1,0,3
東區文心街,2014,1,0,3
東區文心街,2015,2,0,4
西區北榮街,2014,1,0,1
西區北榮街,2015,4,0,5
西區北榮街,2016,2,0,2
西區北榮街,2017,15,0,17
西區八德路,2014,9,0,11
西區八德路,2015,7,0,11
西區八德路,2016,15,0,20
西區八德路,2017,5,0,7
西區民族路,2014,43,0,59
西區民族路,2015,49,0,64
西區民族路,2016,43,0,65
西區民族路,2017,23,0,32
東區學府路135巷,2014,1,0,2
東區學府路135巷,2016,1,0,1
東區民權路與安和街,2014,1,0,2
西區世賢路二段,2014,6,0,9
西區世賢路二段,2015,1,0,1
西區世賢路二段,2016,1,0,1
西區興達路,2014,19,0,26
西區興達路,2015,15,0,22
西區興達路,2016,18,0,18
西區興達路,2017,22,0,22
東區興仁街軍輝路124巷,2014,1,0,1
東區垂楊路,2014,30,0,42
東區垂楊路,2015,34,0,45
東區垂楊路,2016,30,0,38
東區垂楊路,2017,14,0,14
西區博愛路2段,2014,50,0,69
西區博愛路2段,2015,54,1,69
西區博愛路2段,2016,62,0,71
西區博愛路2段,2017,28,0,32
西區廣寧街,2014,1,0,1
西區廣寧街,2015,2,0,5
西區廣寧街,2016,3,0,4
西區廣寧街,2017,9,0,13
東區世賢路1段與台斗街,2014,1,0,1
西區四維路,2014,8,0,10
西區四維路,2015,8,0,11
西區四維路,2016,8,0,10
西區四維路,2017,11,0,16
西區北文街與近北社尾路口２６６巷,2014,1,0,1
東區保順路與工業街,2014,1,0,1
東區中山路與成仁街,2014,2,0,5
西區保安一路,2014,3,0,6
西區保安一路,2015,2,0,2
西區保安一路,2016,2,0,2
西區保安一路,2017,1,0,1
西區北港路與保福一街,2014,1,0,3
東區忠孝路與嘉北街,2014,1,0,1
東區忠孝路與台林街,2014,1,0,1
東區大雅路二段,2014,5,0,5
東區大雅路二段,2015,5,0,7
東區民國路與光彩街,2014,3,0,3
西區上海路,2014,8,0,9
西區上海路,2015,11,0,15
西區上海路,2016,8,0,8
西區上海路,2017,13,0,16
西區垂楊路力行街,2014,1,0,1
西區垂楊路力行街,2015,2,0,2
西區垂楊路力行街,2016,1,0,1
西區仁愛路與蘭井街,2014,1,0,2
東區新生路與台林街,2014,1,0,1
東區朝陽街,2014,5,0,8
東區朝陽街,2015,6,0,10
東區朝陽街,2016,4,0,6
東區朝陽街,2017,1,0,1
西區新榮路與光彩街,2014,1,0,1
西區垂楊路與廣寧街,2014,1,0,1
東區興中街,2014,8,0,9
東區興中街,2015,5,0,5
東區興中街,2016,7,0,10
東區興中街,2017,23,0,30
東區安和街,2014,7,0,11
東區安和街,2015,6,0,9
東區安和街,2016,7,0,8
東區安和街,2017,9,0,14
西區德明路,2014,3,0,3
西區德明路,2015,1,0,1
西區德明路,2016,1,0,1
西區德明路,2017,2,0,2
東區彌陀路,2014,26,0,31
東區彌陀路,2015,32,0,44
東區彌陀路,2016,21,0,30
東區彌陀路,2017,27,0,44
東區日新街,2014,9,0,12
東區日新街,2015,8,0,11
東區日新街,2016,9,0,9
東區日新街,2017,2,0,2
西區仁愛路,2014,22,0,37
西區仁愛路,2015,19,1,22
西區仁愛路,2016,28,0,38
西區仁愛路,2017,23,0,31
西區世賢路一段,2014,6,0,6
西區世賢路一段,2015,4,0,5
西區文化路與蘭井街,2014,1,0,3
東區新生路,2014,48,0,65
東區新生路,2015,32,0,48
東區新生路,2016,42,0,53
東區新生路,2017,36,0,45
西區世賢路1段與北園街,2014,1,0,1
西區垂楊路,2014,26,0,32
西區垂楊路,2015,45,0,60
西區垂楊路,2016,24,0,30
西區垂楊路,2017,9,0,9
東區林森西路,2014,12,0,25
東區林森西路,2015,11,0,16
東區林森西路,2016,12,0,17
東區林森西路,2017,10,0,15
西區民族路與廣寧街,2014,1,0,1
東區台林街,2014,19,0,25
東區台林街,2015,17,0,22
東區台林街,2016,19,0,24
東區台林街,2017,19,0,28
西區育人路１６０巷,2014,1,0,3
西區仁愛路與建成街,2014,1,0,1
西區中興路,2014,44,0,58
西區中興路,2015,51,1,67
西區中興路,2016,29,0,37
西區中興路,2017,24,0,28
西區國華街,2014,28,0,45
西區國華街,2015,26,0,33
西區國華街,2016,36,0,48
西區國華街,2017,14,0,21
東區文化路,2014,21,0,27
東區文化路,2015,32,0,41
東區文化路,2016,24,0,34
東區文化路,2017,18,0,21
西區興業地下道,2014,2,0,2
西區興業地下道,2016,3,0,3
西區大華路,2014,3,0,3
西區大華路,2015,1,0,1
西區大華路,2016,1,0,2
西區信義路45巷,2014,1,0,2
西區世賢路三段,2014,8,0,10
西區世賢路三段,2015,1,0,1
西區博愛路1段,2014,8,0,14
西區博愛路1段,2015,5,0,8
西區博愛路1段,2016,22,0,24
西區博愛路1段,2017,7,0,7
西區仁愛路與延平街,2014,1,0,1
西區大雅路一段,2014,1,0,2
西區雙竹街,2014,1,0,1
西區雙竹街,2015,1,0,1
西區雙竹街,2016,1,0,1
西區雙竹街,2017,3,0,6
東區芳安路,2014,7,0,10
東區芳安路,2015,5,0,9
東區芳安路,2016,1,0,2
東區芳安路,2017,10,0,13
西區文化路743巷,2014,2,0,3
西區文化路743巷,2015,1,0,2
西區民生北路與光彩街,2014,2,0,5
東區忠孝路與忠孝二街,2014,1,0,2
西區嘉雄陸橋與新民路,2014,1,0,1
西區貴州街,2014,4,0,4
西區貴州街,2015,1,0,2
西區貴州街,2017,1,0,1
西區蘭井街,2014,4,0,6
西區蘭井街,2016,5,0,5
西區蘭井街,2017,9,0,14
西區新民路,2014,39,0,55
西區新民路,2015,43,0,52
西區新民路,2016,41,0,57
西區新民路,2017,32,0,36
東區彌陀路238巷,2014,10,0,12
東區彌陀路238巷,2015,6,0,8
東區彌陀路238巷,2016,5,0,5
西區高鐵大道育人路438巷,2014,1,0,1
西區高鐵大道育人路438巷,2015,2,0,2
西區高鐵大道育人路438巷,2016,1,0,1
西區民生北路,2014,15,0,25
西區民生北路,2015,21,0,27
西區民生北路,2016,12,0,15
西區民生北路,2017,15,0,18
東區興業東路86巷,2014,2,0,2
東區興業東路86巷,2016,1,0,1
東區南田路10號（對面市場巷,2014,1,0,1
西區新建街,2014,2,0,3
西區新建街,2015,4,0,4
西區新建街,2016,4,0,5
西區新建街,2017,11,0,14
西區南京路,2014,16,0,18
西區南京路,2015,9,0,11
西區南京路,2016,9,0,12
西區南京路,2017,15,0,18
東區台林街215巷,2014,1,0,1
東區台林街215巷,2015,1,0,1
東區彌陀路與嘉工街,2014,1,0,1
西區世賢路2段與永春五街,2014,1,0,1
東區光華路與成仁街,2014,1,0,1
東區東義路,2014,9,0,12
東區東義路,2015,2,0,2
東區東義路,2016,5,0,5
東區東義路,2017,9,0,12
西區文化路與松江三街,2014,1,0,1
東區保義路,2014,2,0,2
東區保義路,2015,3,0,3
東區保義路,2016,3,1,2
東區保義路,2017,3,0,3
東區新生路與志昇街,2014,1,0,1
東區和平路與光彩街,2014,1,0,1
西區成功街,2014,2,0,2
西區成功街,2015,1,0,2
西區成功街,2016,2,0,3
西區成功街,2017,7,0,12
西區中興路與永春五街,2014,1,0,1
西區博愛路二段與自立街,2014,1,0,1
東區公明路與文昌街,2014,1,0,1
西區漢口路與蘭州四街,2014,1,0,1
東區和平路與延平街,2014,1,0,2
東區彌陀路70巷,2014,4,0,5
東區彌陀路70巷,2015,3,0,6
東區彌陀路70巷,2016,4,0,5
東區民權路,2014,20,0,27
東區民權路,2015,19,0,24
東區民權路,2016,21,0,28
東區民權路,2017,18,0,22
東區南田路,2014,5,0,9
東區南田路,2015,3,0,5
東區南田路,2016,3,0,5
東區南田路,2017,4,0,8
西區仁愛路與杭州五街,2014,1,0,2
東區啟明路,2014,7,0,7
東區啟明路,2015,6,0,8
東區啟明路,2016,4,0,6
東區啟明路,2017,7,0,9
西區民族路與國華街,2014,1,0,2
西區中山路與西門街,2014,1,0,2
西區仁愛路370巷,2014,1,0,2
東區忠孝路安樂街,2014,2,0,3
東區忠孝路安樂街,2016,3,0,4
東區民族路文昌街,2014,3,0,4
東區民族路文昌街,2015,2,0,4
東區民族路文昌街,2016,2,0,4
西區友愛路友順街,2014,1,0,1
東區成仁街,2014,4,0,6
東區成仁街,2015,4,0,5
東區成仁街,2016,6,0,7
東區成仁街,2017,23,0,33
東區大業街,2014,4,0,5
東區大業街,2016,2,0,2
東區大業街,2017,4,0,6
西區大溪路428巷,2014,1,0,1
西區民族路國華街,2014,8,0,12
西區民族路國華街,2015,2,0,3
西區新榮街,2014,1,0,1
西區世賢路四段南京東街,2014,1,0,1
東區學府路,2014,25,0,38
東區學府路,2015,27,0,39
東區學府路,2016,24,0,35
東區學府路,2017,16,0,19
西區中山路西榮街,2014,2,0,2
西區中山路西榮街,2016,2,0,3
西區上海路平等街,2014,2,0,3
西區上海路平等街,2016,1,0,1
東區新生路632巷,2014,1,0,1
東區南興路,2014,3,0,4
東區南興路,2015,6,0,6
東區南興路,2016,6,1,8
東區南興路,2017,5,0,7
西區成功東街（崇文街152巷,2014,1,0,2
東區市宅街,2014,1,0,2
東區市宅街,2016,3,0,4
東區市宅街,2017,5,0,9
東區光華路蘭井街,2014,1,0,2
西區康樂街,2014,7,0,11
西區康樂街,2015,5,0,8
西區康樂街,2016,2,0,5
西區康樂街,2017,18,0,25
東區民權路安和街,2014,4,0,4
東區民權路安和街,2015,1,0,1
東區民權路安和街,2016,3,0,6
東區融和街,2014,1,0,1
東區融和街,2016,2,0,5
東區融和街,2017,6,0,10
西區四維路姜安街,2014,2,0,2
西區新民路728巷,2014,2,0,4
西區民生南路美源街,2014,6,0,7
西區民生南路美源街,2015,2,0,2
西區民生南路美源街,2016,8,0,8
東區忠孝路長榮街,2014,6,0,8
東區忠孝路長榮街,2015,3,0,3
西區湖子內路,2014,6,0,8
西區湖子內路,2015,2,0,2
西區湖子內路,2016,4,1,7
西區湖子內路,2017,9,0,14
東區公明路文昌街,2014,2,0,2
東區公明路文昌街,2015,1,0,1
東區公明路文昌街,2016,1,0,1
東區嘉北街,2014,1,0,3
東區嘉北街,2015,1,0,1
東區嘉北街,2016,1,0,2
東區嘉北街,2017,9,0,12
東區蘭潭環潭道路,2014,2,0,3
東區蘭潭環潭道路,2015,5,0,7
東區蘭潭環潭道路,2016,3,0,4
東區文雅街,2014,5,0,6
東區文雅街,2015,1,0,1
東區文雅街,2016,4,0,5
東區文雅街,2017,3,0,3
東區吳鳳北路北榮街,2014,2,0,2
東區吳鳳北路北榮街,2015,3,0,4
東區吳鳳北路北榮街,2016,2,0,3
西區中興路福全街,2014,3,0,4
西區中興路福全街,2015,3,0,3
西區中興路福全街,2016,2,0,2
西區育人路438巷,2014,2,0,3
西區育人路438巷,2015,4,0,4
西區育人路438巷,2016,3,0,3
西區新民路757巷,2014,2,0,2
西區新民路757巷,2015,2,0,2
西區後驛街,2014,1,0,1
西區後驛街,2016,1,0,2
西區後驛街,2017,2,0,4
西區世賢路4段,2014,9,0,12
西區世賢路4段,2015,9,0,12
西區世賢路4段,2016,8,0,13
西區世賢路4段,2017,6,0,8
東區忠孝路嘉北街,2014,12,0,20
東區忠孝路嘉北街,2015,9,0,13
東區忠孝路嘉北街,2016,10,0,14
東區和平路宣信街,2014,1,0,2
東區和平路宣信街,2015,1,0,1
東區和平路宣信街,2016,1,0,1
西區建成街36巷,2014,1,0,1
西區高鐵大道埤竹路,2014,1,0,2
東區民族路成仁街,2014,3,0,5
東區民族路成仁街,2015,1,0,1
西區德安路德陽街,2014,1,0,1
西區德安路德陽街,2016,1,0,1
西區友愛路永吉一街,2014,2,0,4
西區友愛路永吉一街,2015,2,0,2
西區友愛路永吉一街,2016,2,0,5
東區體育路,2014,9,0,14
東區體育路,2015,10,0,13
東區體育路,2016,8,0,8
東區體育路,2017,16,0,24
西區嘉雄陸橋機慢車道,2014,1,0,2
西區嘉雄陸橋機慢車道,2016,2,0,3
東區維新路民樂街,2014,1,0,1
東區維新路民樂街,2015,1,0,1
東區民族路興中街,2014,4,0,5
東區民族路興中街,2015,4,0,5
東區民族路興中街,2016,1,0,2
東區民樂街,2014,3,0,4
東區民樂街,2016,3,0,3
東區民樂街,2017,8,0,11
西區西門街,2014,9,0,10
西區西門街,2015,11,0,14
西區西門街,2016,15,0,25
西區西門街,2017,13,1,20
西區徐州四街,2014,2,0,3
西區徐州四街,2015,1,0,2
西區徐州四街,2016,1,0,3
西區徐州四街,2017,2,0,6
東區北港路,2014,2,0,3
東區北港路,2015,1,0,2
東區北港路,2016,2,0,2
東區和平路市宅街,2014,1,0,3
東區和平路市宅街,2016,2,0,4
東區世賢路一段,2014,2,0,3
東區世賢路一段,2015,2,0,2
東區公明路興中街,2014,3,0,5
東區公明路興中街,2015,3,0,3
東區公明路興中街,2016,2,0,4
東區福嘉街,2014,2,0,4
西區林森西路國華街,2014,6,0,11
西區林森西路國華街,2015,2,0,2
西區林森西路國華街,2016,3,0,4
西區高鐵大道,2014,7,0,9
西區高鐵大道,2015,11,0,16
西區高鐵大道,2016,10,0,12
西區高鐵大道,2017,3,0,3
東區啟明路啟明路(口)60巷,2014,1,0,1
西區民族路永和街,2014,11,0,20
西區民族路永和街,2015,7,0,9
西區民族路永和街,2016,9,0,12
東區興安街與大業街184巷,2014,1,0,2
西區志昇街,2014,3,0,3
西區志昇街,2015,1,0,1
西區志昇街,2016,1,0,1
西區志昇街,2017,4,0,4
東區義教街,2014,5,0,7
東區義教街,2015,13,0,18
東區義教街,2016,9,0,9
東區義教街,2017,22,0,26
西區世賢路3段,2014,21,0,35
西區世賢路3段,2015,17,0,20
西區世賢路3段,2016,22,0,27
西區世賢路3段,2017,10,1,10
東區新生路台林街,2014,2,0,2
東區新生路台林街,2015,7,0,9
東區新生路台林街,2016,5,0,8
東區日新街彌陀路(口)70巷,2014,1,0,1
東區日新街彌陀路(口)70巷,2016,1,0,1
西區北園街130巷,2014,2,0,2
東區義教街(口)仁義新村731巷,2014,1,0,1
東區學府路與學府路70巷,2014,1,0,2
西區北興陸橋慢車道,2014,1,0,1
西區北興陸橋慢車道,2015,1,0,1
西區漢口路蘭州一街,2014,2,0,2
西區漢口路蘭州一街,2015,2,0,2
西區漢口路蘭州一街,2016,2,0,2
東區垂楊路南門街,2014,1,0,5
東區垂楊路南門街,2015,1,0,1
西區北社尾路６０巷,2014,1,0,1
東區文化路722巷,2014,1,0,2
東區文化路722巷,2016,1,0,1
西區嘉雄陸橋往市區機慢車道,2014,1,0,2
西區高鐵大道與育人路438巷,2014,1,0,1
西區高鐵大道與育人路438巷,2016,2,0,2
東區民生北路長榮街,2014,1,0,1
東區世賢路4段,2014,6,0,6
東區世賢路4段,2015,2,0,2
東區世賢路4段,2016,7,0,7
東區世賢路4段,2017,1,0,1
東區忠孝路嘉南街,2014,2,0,2
東區忠孝路嘉南街,2015,2,0,2
東區忠孝路嘉南街,2016,1,0,1
東區永安街,2014,1,0,2
東區永安街,2015,1,0,2
東區永安街,2017,3,0,6
西區世賢路4段南京東街,2014,3,0,4
西區世賢路4段南京東街,2016,2,0,2
東區忠孝路忠孝一街,2014,7,0,11
東區忠孝路忠孝一街,2015,4,0,5
東區忠孝路忠孝一街,2016,3,0,3
西區中正路,2014,5,0,5
西區中正路,2015,4,0,4
西區中正路,2016,3,0,6
西區中正路,2017,11,0,14
西區文化路向榮街,2014,1,0,1
西區文化路向榮街,2015,2,0,2
西區新民路７０７巷,2014,2,0,2
西區世賢路1段松江一街,2014,6,0,8
西區世賢路1段松江一街,2015,2,0,2
西區世賢路1段松江一街,2016,2,0,2
東區忠孝路保忠三街,2014,3,0,6
東區忠孝路保忠三街,2015,3,0,4
東區忠孝路保忠三街,2016,7,0,14
東區文化路與北榮街,2014,1,0,1
東區共和路,2014,5,0,7
東區共和路,2015,5,0,6
東區共和路,2016,3,0,4
東區共和路,2017,12,0,14
東區延平街166巷,2014,1,0,1
西區友愛路與北興街口411巷,2014,1,0,1
東區忠孝路與義教街,2014,1,0,1
東區新生路302巷,2014,2,0,2
西區青年街34巷,2014,1,0,1
東區新生路480巷,2014,2,0,2
西區民生北路與延平街,2014,1,0,1
西區民族路與忠義街,2014,1,0,1
東區民國路,2014,7,0,8
東區民國路,2015,7,0,8
東區民國路,2016,9,0,11
東區民國路,2017,10,0,14
東區五福街203巷,2014,1,0,1
東區吳鳳南路崇文街,2014,4,0,4
東區吳鳳南路崇文街,2015,6,0,10
東區吳鳳南路崇文街,2016,6,0,8
東區新生路光彩街,2014,6,0,8
東區新生路光彩街,2015,2,0,2
東區新生路光彩街,2016,2,0,3
西區友愛路遠東街,2014,3,0,3
西區友愛路遠東街,2015,1,0,3
西區友愛路遠東街,2016,1,0,1
西區北興陸橋機慢車道,2014,1,0,1
西區北興陸橋機慢車道,2016,1,0,1
東區民族路融和街,2014,4,0,6
東區民族路融和街,2015,1,0,2
東區民族路融和街,2016,3,0,5
西區友信街,2014,1,0,1
西區友信街,2017,2,0,4
西區新榮路蘭井街,2014,1,0,1
西區新榮路蘭井街,2015,4,0,5
西區新榮路蘭井街,2016,3,0,6
西區博愛路2段自立街,2014,2,0,2
西區博愛路2段自立街,2015,1,0,1
西區博愛路2段自立街,2016,2,0,4
東區芳德街宣信街１７７巷,2014,1,0,1
東區興業東路宣信街,2014,4,0,6
東區興業東路宣信街,2015,4,0,6
東區興業東路宣信街,2016,7,0,9
東區忠孝路北門街,2014,1,0,1
東區忠孝路北門街,2015,1,0,1
西區民生南路杭州三街,2014,5,0,6
西區民生南路杭州三街,2015,2,0,2
西區民生南路杭州三街,2016,5,0,6
西區仁愛路康樂街,2014,8,0,17
西區仁愛路康樂街,2015,6,0,10
西區仁愛路康樂街,2016,3,0,3
西區新厝街,2014,1,0,1
西區新厝街,2016,1,0,1
東區嘉北街97巷,2014,1,0,1
東區中正路成仁街,2014,1,0,2
東區中正路成仁街,2015,2,0,3
東區中正路成仁街,2016,2,0,3
東區林森西路近國華街,2014,1,0,1
東區忠孝路保健街,2014,5,0,7
東區忠孝路保健街,2015,1,0,1
東區忠孝路保健街,2016,2,0,2
西區德安路,2014,1,0,2
西區德安路,2015,2,0,2
西區德安路,2016,4,0,4
西區德安路,2017,2,0,2
東區忠孝路保建街,2014,9,0,12
東區忠孝路保建街,2015,11,0,14
東區忠孝路保建街,2016,4,0,5
西區友愛路北興街,2014,3,0,3
西區友愛路北興街,2015,3,0,4
西區友愛路北興街,2016,4,0,6
西區大利街,2014,2,0,2
西區大利街,2015,2,0,2
西區大利街,2016,1,0,1
西區大利街,2017,1,0,1
西區自強街,2014,6,0,6
西區自強街,2015,1,0,1
西區自強街,2016,3,0,4
西區自強街,2017,7,0,11
西區重慶一街,2014,2,0,3
西區重慶一街,2015,1,0,1
西區重慶一街,2017,2,0,2
東區和平路,2014,9,0,12
東區和平路,2015,8,0,8
東區和平路,2016,7,0,8
東區和平路,2017,15,0,20
東區立仁路吳鳳南路521巷,2014,2,0,2
西區金山路永樂一街,2014,1,0,1
西區金山路永樂一街,2015,1,0,2
西區車店街,2014,4,0,5
西區車店街,2015,1,0,1
西區車店街,2016,2,0,2
西區車店街,2017,2,0,2
西區中正路西門街,2014,5,0,9
西區中正路西門街,2015,2,0,3
西區中正路西門街,2016,10,0,24
西區林森西路,2014,19,0,25
西區林森西路,2015,14,0,17
西區林森西路,2016,14,0,19
西區林森西路,2017,15,0,19
西區保正街,2014,1,0,1
西區保正街,2015,1,0,1
西區保正街,2017,1,0,1
西區南京路與民生南路８５０巷,2014,1,0,1
東區忠孝路忠孝北街,2014,9,0,13
東區忠孝路忠孝北街,2015,5,0,7
東區忠孝路忠孝北街,2016,2,0,2
西區美源街,2014,2,0,3
西區美源街,2015,3,0,3
西區美源街,2016,2,0,3
西區美源街,2017,2,0,3
西區防汛道路,2014,1,0,1
西區防汛道路,2015,1,0,1
西區防汛道路,2017,2,0,2
西區興業西路246巷,2014,1,0,2
西區文華街,2014,1,0,1
西區文華街,2015,2,0,2
西區文華街,2017,2,0,4
東區忠孝路台林街,2014,6,0,9
東區忠孝路台林街,2015,6,1,7
東區忠孝路台林街,2016,5,0,6
西區玉山路,2014,20,0,23
西區玉山路,2015,20,0,28
西區玉山路,2016,21,0,28
西區玉山路,2017,17,0,27
東區民國路朝陽街,2014,2,0,4
東區民國路朝陽街,2015,3,0,3
東區宣信街２３巷,2014,1,0,3
西區成功東街崇文街(口)１５２巷,2014,1,0,2
東區宣信街４５０巷,2014,1,0,2
西區埤竹路,2014,4,0,6
西區埤竹路,2015,7,0,7
西區埤竹路,2016,6,0,9
西區埤竹路,2017,8,0,9
東區軍輝路,2014,2,0,2
東區軍輝路,2015,4,0,5
東區軍輝路,2016,4,0,5
東區軍輝路,2017,8,0,9
東區興仁街38巷,2014,1,0,1
西區大和街,2014,1,0,1
西區大和街,2017,1,0,2
東區吳鳳南路521巷,2014,1,0,1
東區吳鳳南路521巷,2015,2,0,2
西區民生南路938巷,2014,1,0,2
西區民生南路938巷,2016,2,0,5
西區新民路848巷,2014,1,0,1
西區新民路848巷,2015,3,0,5
西區大統路１３巷,2014,1,0,1
東區維新路,2014,7,0,11
東區維新路,2015,7,0,8
東區維新路,2016,7,0,7
東區維新路,2017,7,0,12
東區嘉工街,2014,1,0,1
東區嘉工街,2015,1,0,2
東區嘉工街,2017,1,0,1
東區環潭公路,2014,5,0,6
東區環潭公路,2015,7,0,13
東區環潭公路,2016,6,0,8
東區環潭公路,2017,3,0,3
東區延平街,2014,4,0,6
東區延平街,2016,2,0,2
東區延平街,2017,13,0,18
西區大聖四街,2014,1,0,1
西區大聖四街,2016,1,0,2
西區北興街72巷,2014,2,0,2
西區北興街72巷,2015,1,0,2
西區北興街72巷,2016,1,0,1
東區吳鳳南路與永安街32巷,2014,1,0,2
東區志昇街,2014,1,0,1
東區文雅街17巷,2014,1,0,2
西區北港路國城三街,2014,1,0,1
西區重慶路錦州三街,2014,1,0,1
西區北鎮街,2014,2,0,3
西區北鎮街,2016,1,0,1
西區北鎮街,2017,1,0,1
東區保康路,2014,4,0,6
東區保康路,2016,3,0,3
東區保康路,2017,1,0,2
西區興業西路杭州六街,2014,1,0,1
東區市宅街22巷,2014,1,0,1
東區市宅街22巷,2015,1,0,1
東區市宅街22巷,2016,1,0,3
西區四維路永春五街,2014,2,0,2
西區興達路與遠東街30巷,2014,1,0,1
西區民生北路延平街,2014,1,0,1
西區民生北路延平街,2015,1,0,1
西區民生北路延平街,2016,4,0,4
東區民權路維忠街,2014,1,0,1
東區世賢路1段,2014,2,0,2
東區世賢路1段,2015,4,0,5
東區世賢路1段,2016,6,0,7
東區世賢路1段,2017,8,0,10
西區友愛路長春一街,2014,3,0,3
西區友愛路長春一街,2015,2,0,3
西區友愛路長春一街,2016,1,0,1
東區蘭潭公路,2014,1,0,1
東區大雅路一段,2014,1,0,2
西區友孝路遠東街,2014,3,0,3
西區友孝路遠東街,2015,1,0,2
西區仁愛路建成街,2014,3,0,3
西區仁愛路建成街,2015,2,0,5
西區仁愛路建成街,2016,2,0,4
東區彌陀路與彌陀路70巷,2014,1,0,1
西區興安街世賢路(口)３５０巷,2014,1,0,1
西區南京東街,2014,2,0,3
西區南京東街,2015,1,0,1
西區南京東街,2016,2,0,3
西區南京東街,2017,8,0,8
東區蘭潭環潭公路,2014,2,0,3
東區蘭潭環潭公路,2015,1,0,2
東區蘭潭環潭公路,2016,1,0,1
西區重慶路,2014,8,0,11
西區重慶路,2015,6,0,8
西區重慶路,2016,4,0,6
西區重慶路,2017,7,0,7
西區仁愛路近永安街,2014,1,0,1
東區義教西路,2014,1,0,1
東區義教西路,2016,1,0,1
西區育人路(口)高鐵大道４３０巷,2014,1,0,1
西區仁愛路延平街,2014,3,0,5
西區仁愛路延平街,2015,3,0,5
西區仁愛路延平街,2016,1,0,2
西區自由路長春三街,2014,1,0,1
西區自由路長春三街,2015,2,0,2
西區自由路長春三街,2016,1,0,2
西區民生北路康樂街,2014,6,0,11
西區民生北路康樂街,2015,2,0,3
西區民生北路康樂街,2016,1,0,1
東區民國路光彩街,2014,4,0,10
東區民國路光彩街,2015,7,0,9
東區民國路光彩街,2016,8,0,11
東區興中街３２巷,2014,1,0,1
東區公明路成仁街,2014,1,0,2
東區公明路成仁街,2015,2,0,2
東區公明路成仁街,2016,2,0,2
東區彌陀路芳安街,2014,1,0,3
東區吳鳳北路光彩街,2014,1,0,1
東區吳鳳北路光彩街,2015,2,0,2
東區吳鳳北路光彩街,2016,3,0,4
東區吳鳳北路長榮街,2014,5,0,7
東區吳鳳北路長榮街,2015,3,0,3
東區吳鳳北路長榮街,2016,2,0,2
東區安樂街,2014,1,0,2
東區安樂街,2015,1,0,3
東區安樂街,2016,2,0,4
東區安樂街,2017,5,0,5
西區杭州五街,2014,2,0,3
西區杭州五街,2015,1,0,1
西區杭州五街,2016,1,0,2
西區杭州五街,2017,5,0,9
西區友愛路335巷,2014,1,0,1
西區友愛路335巷,2015,1,0,1
東區吳鳳南路大業街,2014,2,0,2
東區吳鳳南路大業街,2015,4,0,6
東區吳鳳南路大業街,2016,2,0,2
東區中興路,2014,1,0,1
東區中興路,2016,1,0,1
西區吳鳳南路,2014,1,0,1
西區吳鳳南路,2015,1,0,1
西區吳鳳南路,2016,1,0,1
西區民權路忠義街,2014,3,0,4
西區民權路忠義街,2015,5,0,8
西區民權路忠義街,2016,1,0,1
西區高鐵大道與大溪路210巷,2014,1,0,1
西區中山路西門街,2014,7,0,12
西區中山路西門街,2015,4,0,5
西區中山路西門街,2016,4,0,5
西區興達路北興街,2014,3,0,4
西區興達路北興街,2015,1,0,3
西區興達路北興街,2016,1,0,1
東區維新路１９０巷,2014,1,0,1
東區吳鳳南路５２１巷,2014,1,0,2
西區文化路４３２巷,2014,2,0,2
東區大雅路二段534巷,2014,1,0,4
東區後厝仔路,2014,1,0,1
西區仁愛路光彩街,2014,2,0,3
西區仁愛路光彩街,2016,4,0,6
東區金龍街大雅路２段４４８巷,2014,1,0,1
東區防汛道路興安街,2014,1,0,1
東區芳安路宣信街,2014,1,0,2
東區芳安路宣信街,2015,3,0,3
東區芳安路宣信街,2016,5,0,7
東區林森東路安和街,2014,2,0,3
東區林森東路安和街,2016,1,0,1
東區保建街,2014,7,0,9
東區保建街,2015,4,0,4
東區保建街,2016,4,0,6
東區保建街,2017,12,0,14
東區義教街542巷,2014,2,0,6
東區義教街542巷,2015,2,0,3
東區義教街542巷,2016,1,0,1
東區圓福街,2014,5,0,6
東區圓福街,2015,5,0,5
東區圓福街,2016,2,0,2
東區圓福街,2017,10,0,13
西區北興街,2014,7,0,9
西區北興街,2015,9,1,15
西區北興街,2016,9,0,10
西區北興街,2017,13,0,16
東區南興路199巷,2014,1,0,1
東區南興路199巷,2016,1,0,1
西區民生北路與忠義街151巷,2014,1,0,2
西區北港路僑嘉一街,2014,2,0,3
西區北港路僑嘉一街,2015,1,0,1
西區北港路僑嘉一街,2016,1,0,1
東區彌陀路２３８巷,2014,2,0,2
西區和平路蘭井街,2014,1,0,1
東區南興路與南興路１９９巷,2014,1,0,1
西區金山路,2014,1,0,2
西區金山路,2015,3,0,4
西區金山路,2016,2,0,4
西區金山路,2017,1,0,1
東區林森東路269巷,2014,2,0,2
東區林森東路269巷,2015,1,0,2
東區林森東路269巷,2016,3,0,3
東區忠孝北街33巷,2014,1,0,1
西區民族路廣寧街,2014,6,0,7
西區民族路廣寧街,2015,2,0,2
西區中山路國華街,2014,3,0,3
西區中山路國華街,2015,7,0,13
西區中山路國華街,2016,4,0,5
東區興安街,2014,5,0,7
東區興安街,2015,8,0,12
東區興安街,2016,9,0,11
東區興安街,2017,21,0,28
東區吳鳳南路永安街,2014,1,0,3
西區民生路,2014,2,0,2
西區民族路西榮街,2014,2,0,2
西區民族路西榮街,2015,2,0,2
西區民族路西榮街,2016,1,0,1
西區自由路通化四街,2014,1,0,1
西區自由路通化四街,2016,1,0,1
東區公園街與公園街95巷,2014,1,0,1
西區北社尾路34巷,2014,1,0,1
東區光華路,2014,4,0,5
東區光華路,2015,9,0,10
東區光華路,2016,9,0,13
東區光華路,2017,11,0,15
西區南京路福州一街,2014,1,0,2
西區建成街,2014,5,0,9
西區建成街,2015,2,0,2
西區建成街,2016,4,0,5
西區建成街,2017,7,0,10
東區大業街182巷,2014,1,0,1
西區後驛街與竹文街97巷,2014,1,0,1
西區玉康路,2014,3,0,5
西區玉康路,2015,3,0,3
西區玉康路,2017,1,0,1
東區北榮街,2014,1,0,1
東區北榮街,2015,2,0,3
東區北榮街,2016,2,0,2
東區北榮街,2017,7,0,11
東區興業西路,2014,3,0,4
東區興業西路,2015,1,0,1
東區興業西路,2016,4,0,4
東區興業西路,2017,1,0,1
西區北社尾路,2014,10,0,13
西區北社尾路,2015,4,0,5
西區北社尾路,2016,8,0,9
西區北社尾路,2017,11,0,16
東區光華路成仁街,2014,3,0,5
東區光華路成仁街,2015,3,0,6
東區光華路成仁街,2016,3,0,6
東區義教街585巷,2014,1,0,1
東區日新街彌陀路70巷,2014,1,0,1
東區大雅路1段,2014,6,0,8
東區大雅路1段,2015,6,0,8
東區大雅路1段,2016,7,0,9
東區大雅路1段,2017,4,0,4
西區垂楊路永和街,2014,2,0,2
西區垂楊路永和街,2015,2,0,2
西區垂楊路永和街,2016,2,0,4
西區林森西路268巷,2014,1,0,1
西區林森西路268巷,2016,2,0,2
西區許厝庄內道路,2014,1,0,1
東區芳安路信興街,2014,2,0,4
東區芳安路信興街,2015,3,0,3
東區芳安路信興街,2016,1,0,1
西區民生南路417巷,2014,1,0,1
西區民權路,2014,2,0,3
西區民權路,2015,4,0,7
西區民權路,2016,5,0,5
西區民權路,2017,8,0,8
東區忠孝路義教街,2014,6,0,7
東區忠孝路義教街,2015,7,0,12
東區忠孝路義教街,2016,8,0,15
西區文化路864巷,2014,1,0,3
西區博愛路自立街,2014,1,0,1
西區北社尾路與北社尾路124巷,2014,1,0,2
東區啟明路安樂街,2014,2,0,4
東區啟明路安樂街,2015,1,0,2
東區啟明路安樂街,2016,1,0,1
東區垂楊路成仁街,2014,2,0,2
東區垂楊路成仁街,2015,3,0,4
東區垂楊路成仁街,2016,2,0,3
東區杭州四街,2014,1,0,1
西區龍江街,2014,1,0,1
西區龍江街,2016,1,0,2
西區友愛路123巷,2014,1,0,2
西區友愛路123巷,2015,1,0,2
西區世賢路4段興安街,2014,2,0,3
西區世賢路4段興安街,2015,1,0,1
西區世賢路4段興安街,2016,1,0,1
東區盧厝37-12號前路,2014,1,0,1
西區新建街與新建街8巷,2014,1,0,1
西區友忠路北興街,2014,1,0,1
西區友忠路北興街,2016,1,0,1
西區民生南路與民生南路55巷,2014,1,0,1
西區民生南路與民生南路795巷,2014,1,0,1
西區玉山路與世賢路二段,2014,1,0,1
西區湖子內路688巷,2014,1,0,1
東區博東路,2014,3,0,4
東區博東路,2015,10,0,13
東區博東路,2016,12,0,14
東區博東路,2017,11,0,18
東區大雅路2段金龍街,2014,6,0,7
東區大雅路2段金龍街,2015,3,0,4
東區大雅路2段金龍街,2016,5,0,12
西區新民路與新民路577巷,2014,1,0,3
西區文化路730巷,2014,1,0,2
西區北興街726巷,2014,1,0,1
西區興業西路新建街,2014,3,0,6
西區興業西路新建街,2016,1,0,1
西區民生南路世賢路四段,2014,2,0,2
西區中正路西榮街,2014,7,0,13
西區中正路西榮街,2015,1,0,2
西區中正路西榮街,2016,2,0,2
西區大貴路大信街,2014,1,0,2
西區忠孝路,2014,1,0,2
西區忠孝路,2015,3,0,3
西區忠孝路,2016,1,0,2
西區竹子腳3-47號前路,2014,1,0,1
東區學府路（清水寺）前巷,2014,1,0,1
東區興安街大業街(口)176巷,2014,1,0,2
西區北社尾路３５５巷,2014,1,0,1
東區忠孝路忠孝二街,2014,3,0,5
東區忠孝路忠孝二街,2015,4,0,6
東區忠孝路忠孝二街,2016,4,0,7
東區共和路朝陽街,2014,1,0,2
東區垂楊路融和街,2014,2,0,5
東區垂楊路融和街,2015,1,0,1
西區賢達路,2014,3,0,3
西區賢達路,2015,5,0,5
西區賢達路,2016,3,0,5
西區賢達路,2017,2,0,2
西區博愛路2段自強街,2014,3,0,3
西區博愛路2段自強街,2015,6,0,10
西區中興路永春五街,2014,1,0,1
西區西門街新榮路(口)35巷,2014,1,0,1
東區林森東路成仁街,2014,1,0,1
西區國賢三街,2014,1,0,1
西區國賢三街,2016,1,0,2
西區國賢三街,2017,1,0,2
西區長榮街,2014,3,0,3
西區長榮街,2016,1,0,1
西區長榮街,2017,2,0,2
西區仁愛路永安街,2014,3,0,5
西區仁愛路永安街,2015,2,0,3
西區仁愛路永安街,2016,1,0,1
西區博愛路2段448巷,2014,1,0,1
東區維忠街,2014,1,0,2
東區維忠街,2016,3,0,4
西區中山路廣寧街,2014,3,0,4
西區中山路廣寧街,2015,3,0,4
西區中山路廣寧街,2016,3,0,3
東區中山路安和街,2014,3,0,5
東區中山路安和街,2015,3,0,5
東區中山路安和街,2016,1,0,1
西區保安一路永吉四街,2014,1,0,1
西區新民路416巷,2014,1,0,1
西區新民路416巷,2015,4,0,4
西區新民路416巷,2016,2,0,2
西區中興路博愛路二段,2014,1,0,1
東區盧義路文雅街(口)282巷,2014,1,0,1
東區文化路長榮街,2014,2,0,2
東區文化路長榮街,2015,3,0,4
東區文化路長榮街,2016,2,0,2
東區世賢路4段４５２號旁巷,2014,1,0,2
東區盧義路,2014,1,0,1
東區盧義路,2015,2,0,2
東區盧義路,2016,4,0,6
東區盧義路,2017,1,0,1
東區彌陀路嘉工街,2014,2,0,3
東區彌陀路嘉工街,2015,5,0,6
東區彌陀路嘉工街,2016,2,0,2
東區啟明路朝陽街,2014,3,0,7
東區啟明路朝陽街,2015,2,0,2
東區啟明路朝陽街,2016,4,0,7
西區農專22號路,2014,1,0,1
西區永康一街與大華路138巷,2014,1,0,1
西區博愛路2段友忠路(口)546巷,2014,1,0,1
西區保安二路,2014,2,0,3
西區保安二路,2016,3,0,3
西區保安二路,2017,8,0,10
西區興雅路,2014,1,0,2
西區興雅路,2015,1,0,1
西區興雅路,2016,1,0,1
西區興雅路,2017,1,0,1
東區民族路安和街,2014,1,0,1
東區民族路安和街,2015,1,0,1
東區民族路安和街,2016,5,0,7
西區民生南路杭州五街,2014,2,0,4
西區民生南路杭州五街,2015,9,0,11
西區民生南路杭州五街,2016,3,0,4
東區維新路與忠孝路546巷,2014,1,0,1
東區吳鳳南路365巷,2014,1,0,2
東區吳鳳南路365巷,2015,2,0,2
東區吳鳳南路365巷,2016,3,0,3
西區高鐵大道與埤竹路,2014,2,0,2
西區高鐵大道與埤竹路,2015,1,0,2
西區高鐵大道與埤竹路,2016,2,0,2
西區高鐵大道與埤竹路,2017,1,0,2
東區林森東路圓福街,2014,4,0,8
東區林森東路圓福街,2015,4,0,5
東區林森東路圓福街,2016,4,0,5
東區彌陀路162巷,2014,3,0,3
東區彌陀路162巷,2015,1,0,1
西區博愛路劉富街,2014,1,0,1
東區民權東路,2014,5,0,6
東區民權東路,2015,6,0,6
東區民權東路,2016,2,0,4
東區民權東路,2017,6,0,7
東區民權路成仁街,2014,1,0,2
東區民權路成仁街,2015,1,0,1
東區民權路成仁街,2016,6,0,7
東區博愛路1段,2014,2,0,2
東區博愛路1段,2015,4,1,3
東區博愛路1段,2016,1,0,1
東區東義路48巷,2014,1,0,2
西區博愛路,2014,3,0,4
西區博愛路,2015,2,0,2
西區博愛路,2016,1,0,2
東區文雅街與文雅街140巷,2014,1,0,1
東區共和路長榮街,2014,2,0,3
東區共和路長榮街,2015,1,0,2
西區博愛路一段,2014,3,0,4
西區博愛路一段,2015,1,0,1
東區雅竹路,2014,1,0,2
東區雅竹路,2015,2,0,2
東區雅竹路,2017,6,0,7
西區四維路永康一街,2014,1,0,1
西區中山路永和街,2014,1,0,1
西區中山路永和街,2015,5,0,9
西區中山路永和街,2016,1,0,2
西區竹圍路,2014,1,0,1
西區竹圍路,2015,1,0,1
西區竹圍路,2017,2,0,2
東區小雅路立德街,2014,3,0,4
東區小雅路立德街,2015,3,0,6
東區小雅路立德街,2016,4,0,7
西區軍輝路與軍輝路91巷,2014,1,0,1
西區高鐵大道路,2014,3,0,3
西區高鐵大道路,2015,4,0,6
西區高鐵大道路,2016,8,1,10
西區高鐵大道路,2017,3,0,3
西區錦州二街,2014,1,0,2
西區仁愛路240巷,2014,1,0,2
西區仁愛路240巷,2015,1,0,1
東區大雅路2段386巷,2014,1,0,1
西區林森西路北榮街,2014,1,0,1
西區林森西路北榮街,2015,1,0,1
西區林森西路北榮街,2016,1,0,1
東區文化路延平街,2014,1,0,2
東區文化路延平街,2015,4,0,10
東區文化路延平街,2016,2,0,3
西區民權路國華街,2014,1,0,1
西區民權路國華街,2015,3,0,5
西區民權路國華街,2016,3,0,5
東區溪興街231巷,2014,1,0,1
東區溪興街231巷,2015,1,0,2
東區溪興街231巷,2016,1,0,1
東區吳鳳南路25巷,2014,2,0,4
東區吳鳳南路25巷,2015,1,0,2
東區吳鳳南路25巷,2016,1,0,1
東區體育路市宅街,2014,1,0,1
東區體育路市宅街,2015,2,0,3
東區體育路市宅街,2016,2,0,2
西區松江一街,2014,1,0,1
西區松江一街,2015,2,0,2
西區松江一街,2017,10,0,12
東區博愛陸橋下迴轉道,2014,1,0,1
東區彌陀路與彌陀路289巷,2014,1,0,2
西區大溪路,2014,1,0,1
西區大溪路,2015,6,0,7
西區大溪路,2016,1,0,1
西區大溪路,2017,6,0,7
西區垂楊路新建街,2014,2,0,3
西區垂楊路新建街,2015,4,0,5
西區上海路257巷,2014,1,0,1
東區金龍街,2014,1,0,1
東區金龍街,2015,3,0,4
東區金龍街,2016,2,0,3
東區金龍街,2017,4,0,8
西區永安街388巷,2014,1,0,1
西區興達路遠東街,2014,1,0,1
西區興達路遠東街,2016,1,0,1
東區義教東路林森東路(口)321巷,2014,1,0,1
東區新民路,2014,2,0,4
東區新民路,2015,3,0,3
東區新民路,2016,1,0,1
東區新民路,2017,1,0,1
東區頂福街,2014,1,0,1
東區頂福街,2015,1,0,1
西區博愛路1段長安街,2014,1,0,1
西區博愛路1段長安街,2015,2,0,2
西區博愛路1段長安街,2016,2,0,3
西區重慶路廣州街,2014,1,0,1
西區重慶路廣州街,2016,1,0,1
東區彌陀路327巷,2014,1,0,3
東區彌陀路327巷,2015,1,0,1
東區彌陀路327巷,2016,1,0,1
東區民權路五福街,2014,2,0,2
東區民權路五福街,2015,2,0,2
東區民權路五福街,2016,2,0,2
東區鹿寮里道路,2014,1,0,1
東區親水路,2014,1,0,1
東區親水路,2015,1,0,1
東區親水路,2016,4,0,5
東區親水路,2017,1,0,2
西區仁路路近成功街,2014,1,0,1
西區四維路僑嘉二街,2014,5,0,6
西區四維路僑嘉二街,2016,1,0,1
東區新生路義教街(口)731巷,2014,3,0,4
東區新生路義教街(口)731巷,2015,1,1,0
東區維新路166巷,2014,1,0,1
西區新榮路延平街,2014,1,0,1
西區新榮路延平街,2015,5,0,5
西區新榮路延平街,2016,5,0,6
東區民國路安樂街,2014,3,0,4
東區民國路安樂街,2015,1,0,1
東區立德街,2014,1,0,1
東區立德街,2016,3,0,5
東區立德街,2017,9,0,10
東區垂楊路宣信街,2014,1,0,1
東區垂楊路宣信街,2015,5,1,8
東區垂楊路宣信街,2016,3,0,4
西區興業西路徐州六街,2014,3,0,5
西區興業西路徐州六街,2015,1,0,2
西區興業西路徐州六街,2016,2,1,1
東區林森東路２６９巷,2014,1,0,1
東區南興路１９９巷,2014,1,0,1
東區垂楊路市宅街22巷,2014,1,0,1
東區博愛路,2014,1,0,1
東區博愛路,2016,2,0,2
西區新民路徐州五街,2014,1,0,2
西區新民路徐州五街,2015,1,0,1
西區博愛路2段向榮街,2014,1,0,1
西區世賢路2段永春五街,2014,2,0,2
西區自由路遠東街,2014,4,0,4
西區自由路遠東街,2015,5,0,5
西區自由路遠東街,2016,5,0,5
西區友孝路,2014,3,0,4
西區友孝路,2015,1,0,1
西區友孝路,2016,4,0,4
西區友孝路,2017,6,0,7
西區重慶六街,2014,1,0,2
西區重慶六街,2017,1,0,2
東區康樂街,2014,1,0,1
東區康樂街,2015,1,0,1
東區康樂街,2016,1,0,2
東區康樂街,2017,1,0,2
東區長榮街,2014,1,0,1
東區長榮街,2016,2,0,2
東區長榮街,2017,7,0,10
西區世賢路4段350巷,2014,1,0,1
東區吳鳳南路興仁街,2014,2,0,2
東區吳鳳南路興仁街,2015,3,0,7
東區吳鳳南路興仁街,2016,2,0,3
西區青年街,2014,1,0,2
西區青年街,2015,2,0,3
西區青年街,2016,2,0,2
西區青年街,2017,2,0,2
東區大雅路2段文雅街,2014,1,0,2
東區彌陀路與162巷,2014,1,0,1
西區博愛路1段（小原餐廳）旁巷,2014,1,0,2
西區八掌溪防汛道路,2014,1,0,1
西區八掌溪防汛道路,2017,1,0,1
東區台斗街,2014,2,0,2
東區台斗街,2015,1,0,1
東區台斗街,2016,3,0,4
東區台斗街,2017,3,0,3
西區北港路與世賢路一段,2014,1,0,1
東區彌陀路１９２巷,2014,1,0,2
西區文化路北榮街,2014,1,0,1
西區文化路北榮街,2015,3,0,3
西區文化路北榮街,2016,2,0,2
西區松江三街,2014,1,0,1
西區松江三街,2017,1,0,1
西區蘭州五街,2014,1,0,1
西區蘭州五街,2017,2,0,3
西區中興路２７１巷,2014,1,0,2
東區溪興街,2014,2,0,2
東區溪興街,2015,2,0,4
東區溪興街,2016,1,0,1
東區溪興街,2017,5,0,5
東區友愛路,2014,1,0,1
東區友愛路,2016,3,0,3
西區友愛路756巷,2014,1,0,1
西區民族路忠義街,2014,3,0,3
西區民族路忠義街,2015,1,0,1
西區民族路忠義街,2016,4,0,5
東區興業東路信興街,2014,1,0,1
東區興業東路信興街,2015,1,0,1
西區民族路西門街,2014,1,0,2
西區民族路西門街,2015,3,0,5
西區民族路西門街,2016,5,0,8
西區大統路永福三街,2014,1,0,1
西區世賢路3段溫州二街,2014,1,0,1
西區民生南路永安街,2014,3,0,3
西區民生南路永安街,2015,3,0,3
西區世賢路1段580巷,2014,2,0,3
西區世賢路1段580巷,2015,4,0,5
西區世賢路1段580巷,2016,4,0,4
西區博愛路1段北興街,2014,2,0,3
西區上海路新建街,2014,2,0,2
西區上海路新建街,2015,1,0,1
西區上海路新建街,2016,2,0,4
東區保成路保健街,2014,1,0,1
東區民權東路文雅街,2014,2,0,2
東區民權東路文雅街,2015,1,0,1
西區民生南路403巷,2014,1,0,2
西區民生南路403巷,2016,1,0,1
西區遼寧一街,2014,3,0,4
西區遼寧一街,2016,2,0,3
西區遼寧一街,2017,3,0,5
西區世賢路四段,2014,1,0,2
東區台斗街１２５巷,2014,1,0,1
東區新生路386巷,2014,1,0,2
東區新生路386巷,2015,1,0,1
西區世賢路1段泰源二街,2014,1,0,1
東區大雅路2段285巷,2014,1,0,1
東區大雅路2段285巷,2016,1,0,2
東區興村街,2014,1,0,1
東區市宅街21巷,2014,2,0,3
東區市宅街21巷,2015,2,0,2
東區市宅街21巷,2016,3,0,4
西區新榮路成功街,2014,2,0,2
西區新榮路成功街,2015,1,0,2
西區新榮路成功街,2016,2,0,2
東區新生路安樂街,2014,2,0,4
東區新生路安樂街,2015,1,0,1
東區新生路安樂街,2016,1,0,1
西區僑安街友愛路317巷,2014,1,0,1
西區玉山路938巷,2014,1,0,1
東區和平路延平街,2014,1,0,1
東區和平路延平街,2016,1,0,1
東區大雅路2段518巷,2014,1,0,1
東區大雅路2段518巷,2015,1,0,1
東區吳鳳南路溪興街,2014,2,0,2
東區吳鳳南路溪興街,2016,2,0,2
西區南京路徐州三街,2014,1,0,1
西區南京路徐州三街,2016,1,0,1
西區徐州五街,2014,2,0,2
西區徐州五街,2015,1,0,1
西區徐州五街,2016,1,0,1
西區徐州五街,2017,1,0,3
西區忠義街,2014,1,0,1
西區忠義街,2015,8,0,10
西區忠義街,2016,6,0,9
西區忠義街,2017,10,0,17
西區四維南路,2014,2,0,3
西區四維南路,2015,2,0,2
西區四維南路,2016,1,0,1
東區民國路民樂街,2014,1,0,1
東區文昌街與和平路161巷,2014,1,0,2
東區忠孝路保忠一街,2014,4,0,5
東區忠孝路保忠一街,2015,3,0,4
東區忠孝路保忠一街,2016,6,0,9
西區重慶路徐州七街,2014,1,0,1
西區南京路與民生南路850巷,2014,1,0,1
西區南京路與民生南路850巷,2015,1,0,1
西區友忠路友竹街,2014,1,0,1
西區友忠路友竹街,2015,1,0,1
西區世賢路1段與世賢路1段580巷,2014,1,0,1
西區德安路友愛路(口)遠東街,2014,1,0,1
西區興達路國聖四街,2014,1,0,1
東區文化路光彩街,2014,1,0,3
西區嘉雄陸橋（東起第三支路,2014,1,0,1
西區永安街,2014,1,0,2
西區永安街,2015,3,0,5
西區永安街,2016,4,0,4
西區永安街,2017,10,0,11
東區興業西路徐州六街,2014,1,0,1
西區新民路康樂街,2014,3,0,7
西區新民路康樂街,2015,1,0,2
西區新民路康樂街,2016,1,0,3
東區大業街176巷,2014,2,0,4
西區金山路永福二街,2014,1,0,1
西區仁愛路新興街,2014,1,0,1
東區芳德街宣信街(口)177巷,2014,1,0,1
西區西榮街269巷,2014,1,0,1
西區大安街,2014,1,0,1
西區大安街,2015,1,0,1
東區民生南路杭州五街,2014,1,0,2
東區林森西路與７巷,2014,1,0,1
西區大溪路210巷,2014,1,0,1
西區大溪路210巷,2016,1,0,1
東區吳鳳南路興業東路265巷,2014,1,0,1
東區垂楊路國華街,2014,1,0,1
東區興業西路宣信街,2014,1,0,2
西區僑和街,2014,1,0,1
西區僑和街,2015,1,0,1
西區僑和街,2017,1,0,1
東區維新路太平街,2014,1,0,2
東區維新路190巷,2014,1,0,2
東區維新路190巷,2015,1,0,1
東區保健街,2014,1,0,2
東區保健街,2015,1,0,1
東區保健街,2016,1,0,1
東區保健街,2017,5,0,5
西區崇文街,2014,1,0,1
西區崇文街,2015,1,0,1
西區崇文街,2016,1,0,1
西區崇文街,2017,2,0,2
東區日新街73巷,2014,1,0,2
東區和平路民樂街,2014,1,0,1
東區和平路民樂街,2015,1,0,1
東區和平路民樂街,2016,3,0,3
東區維新路與維新路190巷,2014,1,0,1
東區南興路216巷,2014,1,0,4
東區文心路文雅街51巷,2014,1,0,1
西區垂楊路西門街,2014,1,0,2
西區垂楊路西門街,2015,5,0,7
西區垂楊路西門街,2016,2,0,2
東區台林街義教街542巷,2014,1,0,1
東區台林街義教街542巷,2016,1,0,1
西區文化路光彩街,2014,1,0,1
西區文化路光彩街,2015,2,0,2
西區文化路光彩街,2016,2,0,2
東區林森東路470巷,2014,1,0,2
東區興業東路297巷,2014,1,0,2
東區忠孝路世賢路(口)一段,2014,1,0,3
東區國光新村75號旁巷,2014,1,0,3
東區國光新村75號旁巷,2016,1,0,1
西區文化路延平街,2014,1,0,2
西區文化路延平街,2015,1,0,2
西區文化路延平街,2016,1,0,1
東區興安街203巷,2014,1,0,1
東區興安街203巷,2016,2,0,2
東區新生路志航街,2014,4,0,5
東區新生路志航街,2015,3,0,4
東區新生路志航街,2016,2,0,2
東區文昌街,2014,1,0,1
東區文昌街,2015,4,0,5
東區文昌街,2016,1,0,1
東區文昌街,2017,4,0,5
西區建成街仁愛路(口)261巷,2014,1,0,1
東區大雅路1段368巷,2014,1,0,1
東區大雅路1段368巷,2015,2,0,2
東區大雅路1段368巷,2016,3,0,4
東區親水路興仁街,2014,1,0,1
東區博愛路1段68號(博愛陸橋下道路台斗街,2014,1,0,2
西區平等街174巷,2014,1,0,2
西區平等街174巷,2015,1,0,2
東區大雅路2段與大雅路2段285巷,2014,1,0,1
西區賢達路501巷,2014,1,0,1
西區新民路４１６巷,2014,1,0,2
西區平等街115巷,2014,1,0,1
東區防汛道路,2014,1,0,2
東區防汛道路,2015,2,0,2
東區防汛道路,2016,2,0,3
西區中山路忠義街,2014,3,0,4
西區中山路忠義街,2015,3,0,5
東區忠孝北街,2014,2,0,3
東區忠孝北街,2015,7,0,8
東區忠孝北街,2016,4,0,5
東區忠孝北街,2017,6,0,8
西區文化路566巷,2014,1,0,2
西區文化路566巷,2015,2,0,2
西區文化路566巷,2016,2,0,2
西區大業街172巷,2014,1,0,2
東區興業東路175巷,2014,1,0,1
東區維新路玉峰街,2014,1,0,1
東區體育路與市宅街21巷,2014,2,0,2
西區新榮路,2014,4,0,6
西區新榮路,2015,8,0,11
西區新榮路,2016,3,0,3
西區新榮路,2017,18,0,26
東區林森東路321巷,2014,3,0,3
東區林森東路321巷,2015,1,0,1
東區林森東路321巷,2016,2,0,2
東區後厝仔道路,2014,1,0,1
西區西榮街,2014,2,0,3
西區西榮街,2015,5,0,7
西區西榮街,2016,1,0,1
西區西榮街,2017,9,0,13
西區湖子內路１巷,2014,1,0,2
西區民生北路光彩街,2014,2,0,2
西區民生北路光彩街,2015,5,0,8
西區垂楊路國華街,2014,3,0,7
西區垂楊路國華街,2015,2,0,2
西區垂楊路國華街,2016,4,0,4
西區北社尾路１２４巷,2014,1,0,2
西區新民路４６６巷,2014,1,0,1
西區永安街390巷,2014,1,0,1
西區南京路457巷,2014,1,0,1
西區興達路北鎮街,2014,2,0,2
西區興達路北鎮街,2015,1,0,2
西區金山路永福一街,2014,1,0,1
西區金山路永福一街,2015,1,0,1
西區金山路永福一街,2016,1,0,1
東區吳鳳南路與世賢路四段,2014,1,0,1
東區大雅路二段與金龍街,2014,1,0,1
西區建國路遠東街,2014,1,0,3
西區建國路遠東街,2016,3,0,4
東區義教西路林森東路(口)３１５－１號前巷,2014,1,0,1
東區大業街106巷,2014,1,0,1
東區大業街106巷,2015,1,0,1
東區大業街106巷,2016,1,0,2
西區民生南路８４１巷,2014,1,0,1
西區四維路永春一街,2014,1,0,1
西區博愛路1段劉富街,2014,1,0,1
西區民生南路510巷,2014,2,0,4
西區民生南路510巷,2015,1,0,1
西區民生南路510巷,2016,1,0,1
東區世賢路4段４５６巷,2014,1,0,1
東區啟明路光彩街,2014,2,0,2
東區啟明路光彩街,2015,1,0,1
東區啟明路光彩街,2016,1,0,2
西區友愛路龍江街,2014,1,0,1
西區友愛路龍江街,2015,2,0,3
西區友愛路龍江街,2016,2,0,2
東區體育路宣信街,2014,1,0,1
東區體育路宣信街,2015,1,0,1
東區雅竹路與大雅路2段433巷,2014,1,0,2
東區台林街與台林街120巷,2014,1,0,2
西區北興街長安街(口)72巷,2014,1,0,1
西區新民路建成街,2014,1,0,2
西區新民路建成街,2015,1,0,2
西區新民路建成街,2016,1,0,1
西區興安街,2014,1,0,1
西區興安街,2015,1,0,1
西區興安街,2017,2,0,2
東區垂楊路安和街,2014,1,0,1
東區垂楊路安和街,2015,5,0,5
東區垂楊路安和街,2016,2,0,4
西區北榮街與中正路326巷,2014,1,0,1
東區公園街,2014,1,0,1
東區公園街,2015,4,0,4
東區公園街,2016,1,0,1
東區公園街,2017,4,0,6
西區興業東路,2014,2,0,2
西區興業東路,2015,5,0,5
西區興業東路,2016,3,0,3
西區興業東路,2017,5,0,9
西區文化路康樂街,2014,1,0,1
東區林森西路成仁街,2014,2,0,2
東區林森西路成仁街,2015,1,0,1
東區林森西路成仁街,2016,3,0,5
西區中興路後驛街,2014,1,0,1
西區老吸街,2014,1,0,1
西區老吸街,2016,2,0,3
西區老吸街,2017,3,0,4
西區劉厝路,2014,1,0,1
西區劉厝路,2015,1,0,1
西區劉厝路,2017,3,0,3
西區永福一街,2014,1,0,1
西區永福一街,2017,1,0,1
東區立德街（往土地公廟巷,2014,1,0,1
東區中山路興中街,2014,4,0,4
東區中山路興中街,2016,2,0,2
東區新生路玉峰街,2014,1,0,1
東區新生路玉峰街,2015,1,0,3
東區新生路玉峰街,2016,1,0,1
西區國道,2014,1,0,1
西區國道,2015,2,0,5
西區國道,2016,1,0,1
西區國道,2017,3,2,5
東區台林橋上(南端起第4支路,2014,1,0,1
西區民生南路５７６巷,2014,1,0,1
西區仁愛路110號杭州五街,2014,1,0,1
東區共和路民樂街,2014,1,0,1
東區共和路民樂街,2016,1,0,1
東區維和街58巷,2014,1,0,1
西區新榮路35巷,2014,3,0,3
東區維新路與忠孝路346巷,2014,1,0,1
東區維新路與忠孝路346巷,2015,1,0,1
東區文化路988巷,2014,1,0,3
東區文化路988巷,2015,2,0,2
東區民權東路５３巷,2014,1,0,1
西區長春三街,2014,1,0,1
西區南京東路,2014,1,0,1
西區南京東路,2016,1,0,2
西區南京東路,2017,1,0,1
西區長安街,2014,1,0,1
西區長安街,2016,2,0,3
東區軍輝路興仁街,2014,1,0,4
東區軍輝路興仁街,2015,1,0,1
東區啟明路公園街,2014,1,0,1
東區啟明路公園街,2016,1,1,0
西區興達路國聖三街,2014,1,0,1
東區工業街,2014,1,0,1
東區小雅路341號旁巷,2014,1,0,1
東區義教街７３１巷,2014,1,0,1
東區義教街７３１巷,2016,1,0,2
西區民生南路897巷,2014,1,0,1
西區民生南路897巷,2016,1,0,1
西區興達路泰源二街,2014,1,0,1
東區新生路義教街731巷,2014,1,0,1
東區新生路義教街731巷,2016,1,0,1
東區民權路興中街,2014,1,0,1
東區民權路興中街,2015,1,0,1
東區八德路,2014,1,0,1
西區興業西路西門街,2014,2,0,3
西區興業西路西門街,2015,1,0,1
西區興業西路西門街,2016,3,0,4
西區杭州三街,2014,2,0,2
西區杭州三街,2017,2,0,4
東區義教街613巷,2014,1,0,1
東區義教街613巷,2015,2,0,2
西區國城三街,2014,1,0,1
西區國城三街,2015,1,0,1
西區國城三街,2016,1,0,1
西區國城三街,2017,1,0,1
西區民生北路蘭井街,2014,1,0,1
西區民生北路蘭井街,2015,2,0,3
西區民生北路蘭井街,2016,2,0,2
西區民生南路與民生南路466巷,2014,1,0,1
西區世賢路四段與南京東街,2014,1,0,2
西區仁愛路２９３巷,2014,1,0,2
東區民權路109巷,2014,1,0,1
東區中山路成仁街,2014,1,0,2
東區中山路成仁街,2015,2,0,2
東區中山路成仁街,2016,1,0,1
西區友忠路友信街,2014,1,0,1
東區義教街６１３巷,2014,1,0,2
東區維新路216巷,2014,1,0,2
東區維新路216巷,2015,1,0,1
東區維新路216巷,2016,1,0,1
東區東義路99巷,2014,1,0,1
西區新民路707巷,2014,1,0,2
西區新民路707巷,2015,1,0,1
西區新民路707巷,2016,2,0,2
東區民權路圓福街,2014,2,0,2
東區民權路圓福街,2015,1,0,2
東區民權路圓福街,2016,5,0,6
西區民生南路608巷,2014,3,0,3
西區民生南路608巷,2015,1,0,1
西區民生南路608巷,2016,3,0,3
西區友愛路松江一街,2014,1,0,1
西區世賢路3段重慶一街,2014,4,0,5
西區世賢路3段重慶一街,2015,3,0,4
西區世賢路3段重慶一街,2016,2,0,3
西區嘉雄陸橋西向東慢車道,2014,1,0,2
西區世賢路1段遼寧一街,2014,1,0,1
西區世賢路1段遼寧一街,2016,1,0,1
西區延平街,2014,2,0,6
西區延平街,2015,1,0,1
西區延平街,2017,9,0,12
西區新民路新民路(口)707巷,2014,1,0,1
西區新民路新民路(口)707巷,2016,1,0,1
西區新榮路康樂街,2014,1,0,1
西區新榮路康樂街,2016,2,0,4
西區新民路仁愛路徐州五街,2014,1,0,3
西區文化路432巷,2014,1,0,1
西區文化路432巷,2016,1,0,1
東區光彩街,2014,1,0,1
東區光彩街,2015,4,0,8
東區光彩街,2016,5,0,6
東區光彩街,2017,10,0,15
東區東義路176巷,2014,1,0,1
東區彌陀路光仁街,2014,2,0,5
東區彌陀路光仁街,2015,4,0,5
東區彌陀路光仁街,2016,6,0,7
西區國聖一街,2014,3,0,3
西區國揚一街,2014,1,0,1
西區彌陀路,2014,1,0,4
西區雙竹街遠東街(口)５１巷,2014,1,0,1
東區民生南路,2014,1,0,1
東區民生南路,2015,2,0,2
東區民生南路,2016,1,0,1
東區西榮街,2014,1,0,1
東區西榮街,2017,1,0,1
東區林森東路684巷,2014,1,0,3
東區大雅路,2014,2,0,2
東區大雅路,2015,4,0,5
東區大雅路,2016,4,0,5
東區大雅路,2017,1,0,1
東區吳鳳南路７２巷,2014,1,0,4
東區南興路184巷,2014,1,0,1
西區友忠路723巷,2014,1,0,3
西區友忠路723巷,2016,1,0,1
西區博愛路一段與劉富街,2014,1,0,1
東區大雅路2段與60巷,2014,1,0,1
西區民生南路180巷,2014,1,0,4
東區垂楊路興中街,2014,1,0,2
東區垂楊路興中街,2015,2,0,5
東區垂楊路興中街,2016,1,0,2
西區永春二街,2014,1,0,1
西區永春二街,2015,2,0,3
西區永春二街,2016,1,0,1
東區林森東路364巷,2014,1,0,1
西區福全街31巷,2014,1,0,1
東區宣信街402巷,2014,1,0,1
西區僑嘉二街,2014,1,0,1
西區僑嘉二街,2017,2,0,4
東區吳鳳南路與25巷,2014,1,0,1
東區和平路蘭井街,2014,1,0,1
東區和平路蘭井街,2015,1,0,1
東區和平路蘭井街,2016,2,0,3
西區文化路長榮街,2014,2,0,2
西區文化路長榮街,2015,2,0,4
西區文化路長榮街,2016,4,0,5
西區友忠路永春五街,2014,1,0,2
東區民國路延平街,2014,1,0,1
東區民國路延平街,2015,2,0,2
東區民國路延平街,2016,4,0,4
西區大統路,2014,1,0,1
西區大統路,2015,2,0,2
西區大統路,2016,1,0,2
西區大統路,2017,5,0,11
東區日新街與彌陀路70巷,2014,1,0,1
東區日新街與彌陀路70巷,2015,1,0,2
東區日新街與彌陀路70巷,2016,2,0,3
西區世賢路3段重慶街,2014,1,0,1
西區世賢路3段新民路(口)555巷,2014,1,0,3
西區世賢路3段新民路(口)555巷,2016,1,0,1
東區吳鳳南路345巷,2014,1,0,2
東區吳鳳南路345巷,2015,3,0,4
東區吳鳳南路345巷,2016,1,0,1
西區僑嘉一街與僑嘉一街33巷,2014,1,0,1
東區垂楊路市宅街(口)40巷,2014,1,0,2
西區仁愛路杭州三街,2014,1,0,3
西區仁愛路杭州三街,2015,2,0,2
西區仁愛路杭州三街,2016,4,0,4
東區興業東路８６巷,2014,1,0,1
西區平等街,2014,1,0,1
西區平等街,2015,1,0,3
西區平等街,2016,1,0,1
西區平等街,2017,3,0,4
東區南興路298巷,2014,1,0,1
西區信義路巷,2014,1,0,1
東區博東路與博東路152巷,2014,1,0,1
西區博愛陸橋與文化路,2014,1,0,1
東區公園街151巷,2014,1,0,1
西區博愛路二段與後驛街,2014,1,0,1
東區立仁路10巷,2014,1,0,1
東區垂楊路宣信街４７０巷,2014,1,0,1
東區吳鳳南路芳安街,2014,1,0,1
西區民生南路55巷,2014,2,0,3
東區保成路,2014,1,0,2
東區保成路,2015,1,0,1
東區保成路,2016,2,0,4
東區保成路,2017,2,0,4
東區文化路743巷,2014,1,0,2
西區長安街48巷,2014,1,0,1
東區南興路宣信街111巷,2014,1,0,2
東區南興路宣信街,2014,1,0,2
東區南興路宣信街,2015,3,0,3
西區垂楊路與557巷,2014,1,0,1
西區西門街仁愛路240巷,2014,1,0,2
東區中正路,2014,1,0,1
東區中正路,2015,3,0,5
東區中正路,2016,6,0,6
東區中正路,2017,7,0,9
東區光華路延平街,2014,1,0,1
東區光華路延平街,2015,2,0,2
東區光華路延平街,2016,3,0,4
西區友和路,2014,1,0,1
西區友和路,2017,1,0,2
東區共和路安樂街,2014,1,0,2
東區共和路安樂街,2015,1,0,3
東區共和路安樂街,2016,6,0,7
西區垂楊路557巷,2014,2,0,2
西區垂楊路557巷,2015,1,0,1
東區保順路忠孝一街,2014,1,0,1
東區文雅街１７４巷,2014,1,0,2
西區保安一路通化一街,2014,1,0,1
東區信興街73巷,2014,1,0,2
東區信興街73巷,2016,1,0,1
東區溪興街21巷,2014,1,0,2
東區大雅路2段234巷,2014,1,0,1
西區友愛路與友愛路335巷,2014,1,0,2
東區公明路朝陽街,2014,1,0,1
西區育人路,2014,1,0,1
西區育人路,2015,3,0,3
西區育人路,2016,3,0,3
西區育人路,2017,9,0,10
東區北榮街與北榮街44巷,2014,1,0,1
東區立仁路106巷,2014,1,0,1
西區海口寮路,2014,1,0,1
西區海口寮路,2015,2,0,2
西區海口寮路,2016,3,0,5
西區海口寮路,2017,7,0,7
東區忠孝北街110巷,2014,1,0,1
東區興業東路115巷,2014,1,0,2
西區垂楊路廣寧街,2014,1,0,2
西區垂楊路廣寧街,2016,2,0,2
東區保義路60巷,2014,1,0,1
東區保義路60巷,2016,2,0,2
西區重興路12巷,2014,1,0,1
東區廣寧街,2014,1,0,1
西區友孝路北興街,2014,2,0,3
西區友孝路北興街,2016,1,0,1
東區立仁路宣信街,2014,1,0,1
東區立仁路宣信街,2015,3,0,4
東區立仁路宣信街,2016,1,0,1
西區博愛路1段五顯街,2014,1,0,1
西區博愛路1段五顯街,2015,1,0,1
西區博愛路1段五顯街,2016,1,0,1
西區學府路段,2014,1,0,1
西區漢口路武昌街,2014,1,0,2
西區車店街與南京路457巷,2014,1,0,1
西區車店街與南京路457巷,2015,1,0,1
東區大雅路2段578巷,2014,1,0,1
東區大雅路2段578巷,2016,1,0,1
東區保忠一街,2014,1,0,1
東區保忠一街,2016,1,0,1
東區保忠一街,2017,7,0,9
西區重慶路徐州六街,2014,1,0,1
西區重慶路徐州六街,2015,1,0,2
西區重慶路徐州六街,2016,1,0,4
西區玉山路大富街,2014,1,0,1
西區文化路文化路17街,2014,1,0,1
西區高鐵大道與中興路,2014,1,0,2
西區高鐵大道與中興路,2015,2,0,3
東區牧場路,2014,1,0,1
東區博東路２００巷,2014,1,0,2
東區博東路２００巷,2015,1,0,1
西區育人路與育人路438巷,2014,1,0,1
西區育人路與育人路438巷,2016,1,0,1
東區大雅路2段與大雅路二段518巷,2014,1,0,2
西區德安路國城二街,2014,1,0,2
西區德安路國城二街,2015,1,0,2
西區德安路國城二街,2016,1,0,4
西區南京路４５７巷,2014,1,0,2
東區大業街184巷,2014,1,0,1
西區興業西路青年街,2014,1,0,1
西區興業西路青年街,2016,1,0,1
東區保成路保建街,2014,1,0,2
西區上海路258巷,2014,1,0,2
西區許厝仔2-1號前路,2014,1,0,2
西區僑嘉一街,2014,1,0,1
西區僑嘉一街,2016,1,0,1
西區僑嘉一街,2017,9,0,10
西區平等街１１５巷,2014,1,0,2
西區吳鳳北路,2014,1,0,1
西區博愛路1段320巷,2014,1,0,1
西區民權路安和街,2014,1,0,1
西區青年街9巷,2014,1,0,2
西區南京路錦州三街,2014,1,0,1
西區南京路錦州三街,2015,1,0,1
西區南京路錦州三街,2016,2,0,3
西區育人路147巷,2014,1,0,2
西區民生北路長榮街,2014,1,0,1
西區大統路27巷,2014,1,0,1
西區公明路安和街,2014,1,0,1
西區仁愛路２４０巷,2014,1,0,2
東區芳安路197巷,2014,1,0,1
東區芳安路197巷,2015,1,0,2
東區吳鳳北路民樂街,2014,1,0,1
東區吳鳳北路民樂街,2015,5,0,7
東區吳鳳北路民樂街,2016,3,0,4
東區台林街２９５巷,2014,1,0,2
西區上海路廣州街,2014,1,0,1
西區上海路廣州街,2016,1,0,1
東區芳德街,2014,1,0,1
東區芳德街,2017,2,0,2
西區民生北路55巷,2014,1,0,2
西區北園街,2014,1,0,2
西區北園街,2015,3,0,3
西區北園街,2016,1,0,1
西區北園街,2017,1,0,1
東區新生路嘉北街,2014,1,0,2
西區中山路與廣寧街,2014,1,0,2
東區保愛二街,2014,1,0,1
東區保愛二街,2016,1,0,1
東區保愛二街,2017,1,0,1
西區保安一路吉林街,2014,1,0,1
東區五福街31巷,2014,1,0,1
東區吳鳳南路興業東路(口)265巷,2014,1,0,2
西區北文街北社尾路(口)２２６巷,2014,1,0,1
東區文雅街140巷,2014,1,0,1
東區大業街１０６巷,2014,1,0,1
西區友愛路友信街,2014,1,0,1
西區海口寮路175巷,2014,1,0,2
西區垂楊路忠義街,2014,1,0,2
西區垂楊路忠義街,2015,1,1,0
西區垂楊路忠義街,2016,1,0,1
西區北文街,2015,1,1,0
西區北文街,2017,2,0,2
東區文化路936巷,2015,1,1,0
西區自強街３２巷,2015,1,0,1
西區新民路475巷,2015,2,0,2
西區新民路475巷,2016,1,0,2
西區博愛路2段北興街,2015,1,0,1
西區博愛路2段北興街,2016,1,0,1
東區光仁街,2015,1,0,1
東區光仁街,2017,2,0,4
東區玉峰街,2015,1,0,1
東區玉峰街,2017,5,0,8
西區力行街,2015,6,0,9
西區力行街,2016,3,0,7
西區力行街,2017,4,0,6
西區友竹街,2015,2,0,4
西區民生南路崇文街,2015,1,0,2
西區民生南路崇文街,2016,2,0,2
東區高鐵大道,2015,1,0,1
西區新民路577巷,2015,1,0,1
東區忠孝路與忠孝一街,2015,1,0,2
東區彌陀路２４７巷,2015,1,0,1
西區民生南路850巷,2015,3,0,5
西區民生南路850巷,2016,1,0,1
東區中正路安和街,2015,5,0,7
東區林森東路與林森東路367巷,2015,1,0,2
東區蘭井街,2015,3,0,4
東區蘭井街,2016,2,0,3
東區蘭井街,2017,8,0,9
西區玉山路369巷,2015,1,0,2
西區竹圍路北鎮街,2015,2,0,2
西區竹圍路北鎮街,2016,1,0,1
西區漢口路,2015,1,0,1
西區漢口路,2017,2,0,2
西區僑嘉一街33巷,2015,2,0,2
東區圓福街118巷,2015,2,0,3
東區圓福街118巷,2016,2,0,2
東區市宅街與市宅街22巷,2015,1,0,1
東區軍輝橋上(南端起第5支路,2015,1,0,1
東區大雅路1段288巷,2015,1,0,1
東區大雅路1段288巷,2016,1,0,1
東區彌陀路192巷,2015,2,0,3
東區彌陀路192巷,2016,1,0,1
西區中興路271巷,2015,1,0,1
西區中興路271巷,2016,2,0,3
東區立人路106巷,2015,1,0,2
東區宣信街472巷,2015,1,0,1
東區博東路152巷,2015,1,0,1
東區興安街興安街184巷,2015,1,0,1
西區玉山路876巷,2015,1,0,1
東區吳鳳南路與吳鳳南路621巷,2015,1,0,1
西區遠東街,2015,1,0,1
西區遠東街,2016,4,0,4
西區遠東街,2017,3,0,6
東區嘉南街,2015,3,0,3
東區嘉南街,2016,1,0,1
東區嘉南街,2017,4,0,4
西區竹圍四路國安三街,2015,1,0,1
西區維新路216巷,2015,1,0,2
西區嘉農新村７３號旁巷,2015,1,0,2
東區大雅路2段２３４巷,2015,1,0,2
東區大雅路2段２３４巷,2016,1,0,2
東區和平路光彩街,2015,1,0,1
東區和平路光彩街,2016,4,0,4
西區淞江一街,2015,1,0,1
東區大利街,2015,1,0,1
西區建國路雙竹街,2015,1,0,1
西區文化路1146號對面巷,2015,1,0,1
西區信義路83巷,2015,3,0,4
西區公明路,2015,1,0,2
西區公明路,2017,1,0,1
西區向榮街,2015,2,0,3
西區向榮街,2016,2,0,2
西區向榮街,2017,6,0,8
西區博愛路1段與320巷,2015,2,0,2
東區軍輝路吳鳳南路(口)６２１巷,2015,1,0,2
西區垂楊路西榮街,2015,3,0,4
東區大雅路1段８５８巷,2015,1,0,2
西區育人路160巷,2015,1,0,1
西區興達路與興達路135巷,2015,1,0,1
西區大溪路465巷,2015,1,0,1
西區北興陸橋近民生北路,2015,1,0,1
東區芳安路與227巷,2015,1,0,1
東區大雅路2段366巷,2015,1,0,2
西區嘉雄陸橋東端右轉車道,2015,1,0,1
東區彌陀路７０巷,2015,1,0,2
西區僑安街與友愛路335巷,2015,1,0,2
西區林森西路興中街,2015,1,0,1
西區北港路268巷,2015,1,0,1
西區漢口路蘭州四街,2015,2,0,5
西區漢口路蘭州四街,2016,1,0,1
西區福州一街與漢口路123巷,2015,1,0,2
西區錦洲一街,2015,1,0,1
東區民生北路延平街,2015,1,0,2
東區五福街１８５巷,2015,1,0,1
西區遠東街51巷,2015,1,0,2
西區遠東街51巷,2016,1,0,1
東區吳鳳南路與621巷,2015,1,0,1
東區吳鳳南路與621巷,2016,1,0,1
東區興業東路１８７巷,2015,1,0,1
西區光彩街,2015,3,0,3
西區光彩街,2016,5,0,6
西區光彩街,2017,8,0,10
東區台林街與237巷,2015,1,0,1
東區安和街197巷,2015,1,0,1
東區金龍街大雅路(口)365巷,2015,1,0,1
西區文化路與文化路694巷,2015,1,0,1
西區文化路694巷,2015,1,0,1
西區文化路694巷,2016,1,0,2
東區台林街98號巷,2015,1,0,1
東區民族路303巷,2015,1,0,1
東區民國路玉峰街,2015,3,0,3
西區民生北路245巷,2015,2,0,3
東區台林街與保成路旁巷,2015,1,0,2
西區保安一路351巷,2015,1,0,3
東區大雅路二段619巷,2015,1,0,1
東區崇文街,2015,2,0,4
東區崇文街,2016,1,0,1
東區崇文街,2017,6,0,9
東區吳鳳南路與吳鳳南路132巷,2015,2,0,2
西區遠東街與51巷,2015,2,0,2
西區林森西路忠義街,2015,1,0,2
西區國華街３５１巷,2015,1,0,2
東區海口寮路,2015,1,0,1
西區南門街,2015,1,0,2
東區立仁路與立仁路99巷,2015,1,0,2
東區體育路彌陀路327巷,2015,1,0,2
西區仁愛路蘭井街,2015,5,0,7
西區仁愛路蘭井街,2016,5,0,6
西區平等街150巷,2015,1,0,2
西區平等街150巷,2016,1,0,2
東區大業街25巷,2015,1,0,2
東區大雅路2段603巷,2015,1,0,2
東區信興街,2015,2,0,4
東區信興街,2016,3,0,6
東區信興街,2017,7,0,10
東區吳鳳南路621巷,2015,1,0,1
西區蘭州二街,2015,2,0,3
西區蘭州二街,2017,1,0,3
東區吳鳳南路信興街(口)73巷,2015,1,0,1
東區和平路朝陽街,2015,2,0,3
東區和平路朝陽街,2016,2,0,2
東區宣信街177巷,2015,2,0,3
東區義教街127巷,2015,1,0,1
西區中山路366巷,2015,2,0,2
西區中山路366巷,2016,2,0,4
西區南京路民生南路(口)916巷,2015,1,0,2
西區博愛路一段與向榮街,2015,1,0,1
東區垂楊路力行街,2015,1,0,1
西區新民路永安街(口)〈新民路757巷,2015,1,0,1
西區民族路仁愛街,2015,1,0,1
西區中興路國城一街,2015,1,0,1
東區吳鳳南路547巷,2015,5,0,6
東區吳鳳南路547巷,2016,4,0,5
西區新榮路與新榮路35巷,2015,1,0,1
西區仁愛路賢雅街,2015,2,0,2
西區徐州三街,2015,1,0,2
西區徐州三街,2017,1,0,2
西區長安街109巷,2015,2,0,2
西區長安街109巷,2016,1,0,3
東區義教西路與林森東路269巷,2015,1,0,1
東區興業東路265巷,2015,1,0,1
西區興業東路國華街,2015,1,0,1
西區興業東路國華街,2016,3,1,2
東區忠孝路民樂街,2015,2,0,3
東區忠孝路民樂街,2016,1,0,1
東區金龍街公園街(口)95巷,2015,1,0,1
東區北榮街44巷,2015,1,0,1
東區北榮街44巷,2016,1,0,1
東區南興路信興街,2015,1,0,1
東區南興路信興街,2016,4,0,5
西區文化路722巷,2015,2,0,3
西區文化路722巷,2016,1,0,1
東區嘉大蘭潭校區宿舍門口前路,2015,1,0,2
東區立仁路信興街(口)76巷,2015,1,0,2
東區新民路永安街,2015,1,0,1
西區民生南路466巷,2015,2,0,2
東區共和路光彩街,2015,1,0,1
東區保健街義教街(口)796巷,2015,1,0,1
東區新民路民生南路466巷,2015,1,0,1
西區杭州一街,2015,2,0,3
西區杭州一街,2017,1,0,2
東區公明路226巷,2015,1,0,1
東區義教西路義教街,2015,1,0,1
東區義教西路義教街,2016,1,0,1
西區中興路與德明路37巷,2015,1,0,2
東區南門街,2015,3,0,4
東區南門街,2017,2,0,2
東區林森東路163巷,2015,1,0,1
東區林森東路163巷,2016,1,0,4
西區民生南路５５巷,2015,1,0,1
西區民生南路421巷,2015,1,0,1
西區興通路忠順一街,2015,1,0,1
西區防汛道路(湖內段,2015,1,0,2
西區世賢路1段文化路566巷,2015,1,0,1
西區世賢路1段文化路566巷,2016,1,0,1
西區上海路青年街,2015,1,0,1
西區上海路青年街,2016,2,0,3
西區保安二路19巷,2015,1,0,1
東區國華街,2015,1,0,1
東區國華街,2016,1,0,2
東區國華街,2017,3,0,5
東區南田路宣信街,2015,1,0,2
西區民生南路317巷,2015,1,0,2
西區中山路新榮街,2015,1,0,1
西區民生南路南京東街,2015,1,0,1
西區民生南路南京東街,2016,1,0,2
西區世賢路2段與大同路376巷,2015,1,0,1
東區大雅路2段433巷,2015,2,0,3
西區仁愛一街,2015,1,0,1
西區仁愛一街,2017,1,0,1
東區芳興街,2015,1,0,1
東區芳興街,2016,1,0,2
東區芳興街,2017,1,0,1
東區隬陀路,2015,1,0,1
西區新榮路北榮街,2015,2,0,3
西區新榮路北榮街,2016,1,0,2
東區忠孝路346巷,2015,2,0,3
東區忠孝路346巷,2016,5,0,7
東區芳安路頂福街,2015,1,0,2
西區林森東路,2015,1,0,1
西區林森東路,2016,1,0,1
西區四維路國城二街,2015,1,0,1
西區民生南路8巷,2015,1,0,1
東區軍輝路162巷,2015,1,0,1
東區台林街120巷,2015,1,0,1
西區世賢路1段324巷,2015,2,0,3
西區共和路,2015,1,0,1
西區遠東街友忠路827巷,2015,1,0,1
東區北榮街中山路176巷,2015,1,0,1
東區金龍街173號前巷,2015,1,0,1
西區成功街崇文街152巷,2015,1,0,2
東區共和路與和平路361巷,2015,1,0,1
西區新榮路光彩街,2015,2,0,2
西區新榮路光彩街,2016,3,0,4
東區保順路保忠一街,2015,2,0,6
東區保順路保忠一街,2016,2,0,2
東區垂楊路市宅街40巷,2015,1,0,2
東區共和路243巷,2015,1,0,1
東區盧義路文雅街,2015,2,0,2
西區玉山路158巷,2015,1,0,1
東區垂楊路26巷,2015,1,0,1
西區新民路221巷,2015,1,0,1
東區博東路與博東路136巷,2015,1,0,1
東區大雅路100巷,2015,1,0,1
東區吳鳳南路119-4號旁巷,2015,1,0,1
西區大安街155巷,2015,1,0,1
西區興達路新龍街,2015,1,0,1
西區興達路新龍街,2016,1,0,1
西區南京路貴州街,2015,1,0,2
西區南京路貴州街,2016,1,0,2
西區撫順三街,2015,1,0,1
西區撫順三街,2017,1,0,1
東區文化路北榮街,2015,1,0,1
東區光彩街１０９巷,2015,1,0,1
西區北興街410巷,2015,1,0,1
西區高鐵大道往北港路巷,2015,1,0,2
東區保成路台林街,2015,1,0,2
西區博愛路2段劉富街,2015,1,0,1
西區博愛路2段劉富街,2016,1,0,1
東區義教路,2015,1,0,1
東區民國路36巷,2015,1,0,2
東區大雅路2段５７８巷,2015,1,0,1
東區吳鳳南路康樂街,2015,1,0,1
西區新民路永安街,2015,1,0,1
西區新民路永安街,2016,1,0,2
西區林森西路與林森西路268巷,2015,1,0,1
西區世賢路1段往遼寧一街,2015,1,0,1
西區文化路蘭井街,2015,1,0,1
東區啟明路民族路新生路大雅路2段,2015,1,0,1
東區新榮路光彩街,2015,1,0,1
西區僑和街興達路(口)422號旁巷,2015,1,0,1
西區北社尾路北園街,2015,2,0,2
西區北社尾路北園街,2016,1,0,1
東區民生南路崇文街,2015,1,0,1
東區北榮街與北榮街12巷,2015,1,0,1
西區興業西路車店街,2015,1,0,1
西區興業西路車店街,2016,3,0,4
東區立仁路宣信街(口)23巷,2015,1,0,1
西區北港路746巷,2015,1,0,2
東區芳德街南興路(口)55巷,2015,2,0,3
西區文化路７４３巷,2015,1,0,1
東區立德街83巷,2015,1,0,1
東區林牧路,2015,2,0,5
東區林牧路,2016,3,0,4
西區仁愛路仁愛一街,2015,1,0,1
西區仁愛路仁愛一街,2016,1,0,1
西區八德路國安二街,2015,2,0,2
西區八德路國安二街,2016,1,0,1
西區博愛路2段與博愛路2段38巷,2015,1,0,1
西區嘉雄陸橋下迴轉道,2015,1,0,3
西區嘉雄陸橋下迴轉道,2017,1,0,1
西區大貴路,2015,1,0,1
西區大貴路,2016,1,0,1
西區大貴路,2017,1,0,1
西區南京路廣州街,2015,2,0,2
東區博愛路2段,2015,1,0,1
東區博愛路2段,2016,3,0,3
東區林森東路與林森東路321巷,2015,1,0,2
西區八德路竹圍路90巷,2015,1,0,1
西區文化路與文化路743巷,2015,1,0,2
西區徐州一街,2015,1,0,1
西區徐州一街,2017,1,0,1
西區保福一路保正街,2015,1,0,1
西區保福一路保正街,2016,1,0,2
西區大富路,2015,2,0,2
西區興安街與興安街250巷,2015,1,0,1
西區博愛路1段197巷,2015,1,0,1
西區上海路與老吸街3巷,2015,1,0,1
東區大業街大業街127巷,2015,1,0,1
東區義教街義教街731巷,2015,1,0,1
西區西門街新榮路35巷,2015,1,0,1
西區玉山路304巷,2015,1,0,1
西區文華街67巷,2015,1,0,1
西區泰瑞一街,2015,1,0,1
西區泰瑞一街,2017,3,0,3
東區吳鳳南路與32巷,2015,1,0,1
東區圓福街13巷,2015,1,0,1
東區維新路長榮街,2015,2,0,2
西區中興路726巷,2015,1,0,1
東區五福街165巷,2015,2,0,2
西區北港路大溪街,2015,1,0,1
東區立仁路521巷,2015,1,0,1
西區玉山路1008巷,2015,1,0,1
西區興達路姜文街,2015,1,0,1
西區文化路769巷,2015,1,0,1
東區台林街188-1號旁巷,2015,1,0,1
西區四維路國聖一街,2015,1,0,1
西區雙竹街友忠路(口)723巷,2015,1,0,2
西區興達路泰瑞四街,2015,1,0,2
西區西門街與15巷,2015,1,0,1
西區大雅路2段金龍街,2015,1,0,1
東區立德街８３巷,2015,1,0,1
東區軍輝橋P4路,2015,1,0,1
東區維和街共和路(口)416巷,2015,1,0,1
西區玉山路186巷,2015,1,0,2
西區玉山路186巷,2016,1,0,1
西區南京路47巷,2015,1,0,2
東區芳安路39巷,2015,1,0,1
西區林森東路國華街,2015,1,0,1
西區友孝路忠順三街,2015,1,0,1
西區新民路杭州五街,2015,1,0,1
西區新民路杭州五街,2016,2,0,2
西區保安四路永吉四街,2015,1,0,1
東區台林街296巷,2015,2,0,2
西區上海路貴州街,2015,1,0,1
東區興安街47巷,2015,1,0,3
西區許厝庄道路,2015,1,0,1
西區垂楊大道,2015,1,0,1
東區興安街235巷,2015,1,0,1
西區博愛路後驛街,2015,1,0,1
西區信義路,2015,1,0,1
西區信義路,2016,2,0,3
西區信義路,2017,1,0,2
東區文化路文華街,2015,1,0,1
東區垂楊路557巷,2015,1,0,1
東區民生北路蘭井街,2015,1,0,1
東區吳鳳南路與吳鳳南路32巷,2015,1,0,2
西區力行街新民路(口)859巷,2015,1,0,1
東區吳鳳北路忠孝路(口)181巷,2015,1,0,1
西區新榮路賢雅街,2015,1,0,1
東區新生路576巷,2015,1,0,1
西區保安一路永吉三街,2015,1,0,2
東區立德街61巷,2015,1,0,1
東區忠孝路蘭井街,2015,1,0,1
東區忠孝路蘭井街,2016,1,0,2
東區宣信街23巷,2015,2,0,2
東區公園街與７９巷,2015,1,0,1
西區崇文街永安街(口)246巷,2015,1,0,3
西區重慶街,2015,1,0,1
西區忠孝路義教街,2015,1,0,3
東區保成路81巷,2015,1,0,2
東區保成路81巷,2016,1,0,1
西區中山路蘭井街,2015,3,0,4
西區中山路蘭井街,2016,3,0,3
東區林森東路617巷,2015,1,0,1
西區民生南路120巷,2015,3,0,5
西區重慶路徐州四街,2015,1,0,1
東區盧厝路,2015,1,0,1
東區五福街131巷,2015,1,0,1
東區吳鳳南路32巷,2015,1,0,1
東區吳鳳南路32巷,2016,2,0,2
西區新民路585號前(世賢路三段,2015,1,0,1
東區後厝仔7-1號前路,2015,1,0,1
西區西門街(永安街337巷,2015,1,0,1
東區大雅路二段234巷,2015,1,0,1
東區荖藤宅7號前路,2015,1,0,1
西區竹圍三路,2015,1,0,1
西區竹圍三路,2017,1,0,1
西區大雅路1段,2015,1,0,1
西區嘉雄陸橋上往西第3支路,2015,1,0,2
西區國治街八德路(口)118巷,2015,1,0,2
西區南京路青年街,2015,1,0,1
東區興業東路興業東路175巷,2015,1,0,2
東區博東路200巷,2015,1,0,1
西區世賢路四段208巷,2015,1,0,1
西區德安路德惠街,2015,2,0,4
東區大雅路2段858巷,2015,1,0,2
東區東義路與109巷,2015,1,0,1
東區興安街與203巷,2015,1,0,1
東區林森東路367巷,2015,1,0,2
西區民生南路445巷,2015,1,0,2
東區興業東路國華街,2015,1,0,1
東區興業東路國華街,2016,2,0,2
西區世賢路1段與文化路566巷,2015,1,0,1
西區福州五街,2015,1,0,2
西區福州五街,2017,1,0,1
西區大富三街,2015,1,0,1
東區忠孝路(口)346巷,2015,1,0,1
西區博愛路2段竹文街,2015,2,0,2
西區博愛路2段竹文街,2016,2,0,2
東區林森東路319巷,2015,1,0,1
東區林森東路319巷,2016,1,0,1
西區育人路513巷,2015,1,0,1
東區大雅路2段560巷,2015,1,0,1
西區保安一路413巷,2015,1,0,1
東區垂楊路與市宅街22巷,2015,1,0,1
東區嘉北街66巷,2015,1,0,2
東區嘉北街66巷,2016,1,0,1
西區新榮路志昇街,2015,1,0,1
西區五顯街,2015,1,0,2
西區五顯街,2016,1,0,2
西區國華街與國華街351巷,2015,1,0,2
西區博愛路2段後驛街,2015,1,0,2
西區博愛路2段後驛街,2016,2,0,2
西區文化路與722巷,2015,1,0,3
東區芳安路17巷,2015,1,0,2
東區芳安路17巷,2016,1,0,2
西區仁愛路227巷,2015,1,0,1
西區友忠路788巷,2015,1,0,1
西區防汎道,2015,2,0,3
西區垂楊大橋慢車道,2015,1,0,1
西區上海路平等街(口)113巷,2015,1,0,1
西區忠孝路保建街,2015,1,0,1
東區和平路安樂街,2015,1,0,1
東區和平路安樂街,2016,1,0,1
東區彌陀路241巷,2015,1,0,2
西區民生南路485巷,2015,1,0,1
東區大業街172巷,2015,1,0,1
東區大業街172巷,2016,1,0,2
東區大溪路,2015,1,0,1
西區徐州七街,2015,1,0,1
西區世賢路四段98巷,2015,1,0,3
西區中山噴水圓環(中山路,2015,1,0,1
東區垂楊路與227巷,2015,1,0,1
西區興業西路蘭州一街,2015,1,0,1
西區興業西路蘭州一街,2016,2,0,2
東區光華路光彩街,2015,1,0,1
東區光華路光彩街,2016,3,0,5
東區保義路保仁三街,2015,1,0,1
西區高鐵大道四維路,2015,1,0,1
西區軍輝橋往永欽橋防汛道路,2015,1,0,1
東區興安街世賢路(口)350巷,2015,1,0,1
東區保義路保建街,2015,1,0,1
西區仁愛路志昇街,2015,2,0,2
西區仁愛路志昇街,2016,2,0,3
東區興中街85巷,2015,1,0,1
東區維新路與長榮街,2015,1,0,1
西區興達路文化路(口)(與博愛路一段,2015,1,0,2
東區林森東路691巷,2015,2,0,2
東區林森東路691巷,2016,1,0,3
西區劉厝路自強街(口)84巷,2015,1,0,1
西區國華街16巷,2015,1,0,1
東區保安一路與177巷,2015,1,0,1
西區高鐵大道路與育人路438巷,2015,1,0,1
東區重慶路徐州六街,2015,1,0,1
東區蘭潭環潭公路段,2015,1,0,1
西區新民路８４８巷,2015,1,0,1
東區宣信街98巷,2015,1,0,1
東區維新路忠孝路346巷,2015,1,0,1
東區維新路忠孝路346巷,2016,1,0,1
東區義教街與義教街706巷,2015,1,0,1
西區福全街,2015,2,0,2
西區福全街,2016,2,0,4
西區福全街,2017,2,0,2
西區大吉街,2015,1,0,1
東區吳鳳南路６２１巷,2015,1,0,1
西區北社尾路191號(北園街,2015,1,0,3
東區中正路興中街,2015,1,0,1
西區保安一路松江街,2015,1,0,1
西區民生南路成功東街,2015,1,0,2
西區北興陸橋路,2015,1,0,3
西區北興陸橋路,2017,1,0,1
西區廣州街,2015,1,0,1
西區廣州街,2016,2,0,2
西區廣州街,2017,3,0,3
東區文雅街大雅路(口)858巷,2015,1,0,1
西區博愛路2段與429巷,2015,1,0,1
西區博愛路2段與429巷,2016,1,0,3
西區興業東路宣信街,2015,1,0,1
東區立仁街,2015,1,0,1
西區忠義街177巷,2015,1,0,1
東區芳興街芳安路(口)17巷,2015,1,0,1
東區公園街95巷,2015,1,0,1
東區公園街95巷,2016,1,0,2
西區仁愛路261巷,2015,1,0,1
西區世賢路3段重慶三街,2015,2,0,2
西區世賢路3段重慶三街,2016,1,0,1
東區南田路63-5號旁巷,2015,1,0,1
東區忠孝、民權路,2015,1,0,1
西區四維路泰瑞一街,2015,1,0,1
西區四維路泰瑞一街,2016,2,0,3
東區忠孝路光彩街,2015,1,0,1
東區保忠三街62巷,2015,1,0,1
西區世賢路一段與松江一街,2015,1,0,1
西區垂楊大橋東端(新建街,2015,1,0,1
東區忠孝路與忠孝路346巷,2015,2,0,4
東區台林街263巷,2015,1,0,1
西區北社尾路335巷,2015,1,0,1
東區義教街與義教街731巷,2015,1,0,1
東區北興街,2015,1,0,1
西區興業地下道上平面道路,2015,1,0,1
東區彌陀路與隬陀路247巷,2015,1,0,2
西區高鐵大道與世賢路二段,2015,1,0,2
西區興業西路423巷,2015,1,0,2
西區撫順三街與保安二路12巷,2015,1,0,2
西區垂陽路,2015,1,0,1
西區興業東路西門街,2015,1,0,2
東區世賢路4段208巷,2015,1,0,2
東區光華路中正路興中街,2015,1,0,1
西區高鐵大道靠近世賢路,2015,1,0,3
西區龍江街117巷,2015,1,0,1
西區西門街123巷,2015,1,0,1
西區成功路,2015,1,0,1
西區友和路德明路(口)82巷,2015,1,0,1
東區保成路保仁三街,2015,1,0,4
西區軍輝路溪興街(口)231巷,2015,1,0,1
西區保福路,2015,1,0,1
西區保福路,2016,1,0,1
西區興達路龍江街,2015,1,0,1
西區世賢路1段612巷,2015,1,0,1
西區新民路186巷,2015,1,0,1
東區金龍街大雅路(口)386巷,2015,1,0,1
東區世賢路3段,2015,1,0,1
西區建國路,2015,1,0,1
西區建國路,2016,2,0,2
西區建國路,2017,1,0,1
西區保福一街,2015,1,0,1
西區大同路與育人路381巷,2015,1,0,2
東區大雅路448巷,2015,1,0,2
東區世賢路1段慢車道西向東（世賢地下道）靠近台斗街,2015,1,0,2
西區民生南路688巷,2015,1,0,1
西區保安二路103巷,2015,1,0,2
西區蘭州四街,2015,1,0,2
西區蘭州四街,2017,1,0,2
東區芳安路興業東路(口)86巷,2015,1,0,1
東區芳安路興業東路(口)86巷,2016,1,0,1
東區蘭潭大壩.環潭道路,2015,1,0,2
東區保建街與義教街706巷,2015,1,0,1
東區維新街130巷,2015,1,0,2
東區東義路與林森東路319巷,2016,1,0,1
東區體育路市宅街(口)21巷,2016,2,0,2
西區南京東路民生南路(口)403巷,2016,1,0,2
西區北興陸橋上(西端起第3支路,2016,1,0,1
西區保義路,2016,1,0,1
西區北安路76巷,2016,1,0,1
西區育人路258巷,2016,1,0,1
東區大雅路2段５３４巷,2016,1,0,2
西區南京路重慶街,2016,1,0,2
東區忠孝路與忠孝北街,2016,1,0,1
東區啟明路志航街,2016,2,0,3
東區蘭潭大壩S3路,2016,1,0,1
東區博愛路自立街,2016,1,0,1
東區保順路,2016,1,0,2
東區保順路,2017,1,0,1
東區吳鳳南路與547巷,2016,2,0,3
東區文化路與長榮街,2016,1,0,1
東區興業西路與新建街,2016,1,0,1
東區仁愛路,2016,1,0,1
西區中山路與國華街,2016,1,0,3
西區永吉三街,2016,1,0,1
西區民生南路463巷,2016,1,0,1
東區博愛路2段自強街,2016,1,0,1
東區新建街,2016,1,0,1
東區南京路,2016,1,0,1
西區竹文街,2016,1,0,1
西區竹文街,2017,1,0,3
東區維新路與維新路216巷,2016,1,0,2
西區竹圍路泰瑞二街,2016,1,0,2
西區光華路光彩街,2016,1,0,3
東區世賢路一段580巷,2016,1,0,1
東區世賢路二段,2016,1,0,1
西區國城四街與八德路29巷,2016,1,0,1
東區博愛路2段自立街,2016,1,0,1
西區世賢路2段與196巷,2016,1,0,1
西區世賢路2段196巷,2016,1,0,1
西區玉山路玉康街,2016,1,0,1
東區五福街,2016,1,0,1
東區五福街,2017,1,0,1
西區溫州一街,2016,1,0,1
東區宣信街吳鳳南路25巷,2016,1,0,1
東區宣信街111巷,2016,1,0,2
西區國城二街,2016,1,0,1
西區國城二街,2017,1,0,1
東區橋嘉三街,2016,1,0,1
東區興安街92號旁巷,2016,1,0,2
東區林森西路國華街,2016,1,0,1
西區大聖二街,2016,1,0,1
西區大聖二街,2017,2,0,2
東區世賢路2段,2016,3,0,3
西區自強街與自強街195巷,2016,1,0,1
東區垂楊路西門街,2016,1,0,2
東區世賢路,2016,1,0,2
東區世賢路,2017,1,0,1
東區忠孝路玉山二街,2016,1,0,1
東區吳鳳北路蘭井街,2016,2,0,2
西區國華街國華街351巷,2016,1,0,1
西區北安路北鎮街,2016,1,0,1
東區文心街111巷,2016,1,0,1
東區文化路文化路(口)17街,2016,1,0,1
東區保義路保仁一街,2016,1,0,1
西區湖子內路1巷,2016,1,0,1
東區南興路145巷,2016,1,0,1
西區嘉雄陸西向東慢車道,2016,1,0,1
西區忠義街國華街(口)117巷,2016,1,0,2
東區東義路214巷,2016,2,0,3
西區仁愛路新榮路(口)35巷,2016,1,0,1
西區仁愛路仁愛三街,2016,1,0,2
西區福州三街,2016,1,0,2
西區福州三街,2017,1,0,2
東區忠孝路近保建街,2016,1,0,1
西區南京路70巷,2016,1,0,1
東區軍輝橋上往北第2支路,2016,1,0,1
西區仁愛路杭州五街,2016,2,0,3
東區日新街218巷,2016,1,0,1
西區新民路新民路(口)2巷,2016,1,0,1
西區大同路與玉山路１８６巷,2016,1,0,1
西區垂楊路建成街,2016,1,0,3
東區大雅路2段與大雅路2段234巷,2016,1,0,1
西區新庄一街,2016,1,0,2
西區新庄一街,2017,1,0,2
東區盧義橋下往精忠國小方向產業道路,2016,1,0,2
西區興業西路近西門街,2016,1,0,1
東區友忠路,2016,1,0,1
西區建成街22巷,2016,1,0,2
東區新生路民樂街,2016,1,0,1
西區大溪路342巷,2016,1,0,2
西區安東二街,2016,1,0,1
西區建成街２２巷,2016,1,0,3
西區保安二路合江街,2016,1,0,1
東區義教街165巷,2016,1,0,1
東區新生路維新路(口)216巷,2016,1,0,2
西區友愛路與北興街411巷,2016,1,0,1
西區長春二街,2016,1,0,1
東區軍輝路與吳鳳南路689巷,2016,1,0,2
西區文化路與864巷,2016,1,0,2
西區重慶二街與重慶二街148巷,2016,1,0,3
西區中山路北榮街(口)221巷,2016,1,0,1
東區保仁三街,2016,2,0,3
東區保仁三街,2017,1,0,1
東區啟明路大雅路2段,2016,1,0,3
東區和平路161巷,2016,1,0,2
西區文化路國華街,2016,2,0,3
東區彌陀路彌陀路(口)225巷,2016,1,0,1
東區林森西路興中街,2016,2,0,2
東區新生路396巷,2016,1,0,1
東區台林街與120巷,2016,1,0,1
西區世賢路3段世賢路3段321巷,2016,1,0,1
東區立德街85巷,2016,1,0,1
東區彌陀路289巷,2016,2,0,5
西區育人路育人路438巷,2016,1,0,2
東區興業東路與興業東路175巷,2016,1,0,1
東區公園街79巷,2016,1,0,1
西區自由路北安路通化四街,2016,1,0,2
西區中興路與中興路408巷,2016,1,0,2
西區僑嘉三街,2016,3,0,3
西區僑嘉三街,2017,3,0,3
東區世賢路4段456巷,2016,1,0,1
西區新生路,2016,1,0,1
東區信興街76巷,2016,1,0,1
西區北社尾路226巷,2016,1,0,1
西區興業西路博愛路(口)段,2016,1,0,1
東區市宅街25巷,2016,1,0,1
西區南京路126巷,2016,2,0,2
西區重慶二街重慶二街(口)186巷,2016,1,0,1
西區保安四路通化四街,2016,1,0,1
西區金山路永利一街,2016,1,0,2
東區林森東路612巷,2016,1,0,1
西區中正路國華街,2016,1,0,1
西區大華街,2016,1,0,1
東區民國路志航街,2016,1,0,1
西區埤竹路大溪路(口)210巷,2016,1,0,1
東區玉康路136巷,2016,1,0,1
東區國光新村88號前路,2016,1,0,1
西區福州八街,2016,1,0,1
西區玉山路885巷,2016,1,0,1
西區興安街250巷,2016,2,0,5
東區嘉大校區防汛道路,2016,1,0,1
西區北社尾路與北社尾路352巷,2016,1,0,1
東區台林街與台林街295巷,2016,1,0,1
西區金山路永福三街,2016,1,0,1
東區東義路200巷,2016,1,0,1
西區姜文街,2016,1,0,1
西區姜文街,2017,2,0,2
西區徐州六街,2016,1,0,1
西區徐州六街,2017,3,0,3
西區僑嘉一街(口)11巷,2016,1,0,1
西區林森西路296巷,2016,1,0,1
東區興業東路159巷,2016,1,0,1
西區玉山路大吉街,2016,1,0,1
東區文昌街與文昌街51巷,2016,1,0,2
東區共和路蘭井街,2016,1,0,2
東區忠孝路北街,2016,1,0,2
東區彌陀路與彌陀路238巷,2016,1,0,1
東區市宅街與22巷,2016,1,0,2
西區民生南路590巷,2016,2,0,4
東區芳安路芳安路73巷,2016,1,0,1
東區維新路與維新路160巷,2016,1,0,1
東區吳鳳南路367號（大業街,2016,1,0,1
西區北社尾路102巷,2016,1,0,1
西區民生南路與485巷,2016,1,0,1
西區北港路福嘉街,2016,2,0,2
西區文化路741巷,2016,1,0,1
西區自強街195巷,2016,1,0,1
東區光華路興中街,2016,3,0,4
西區中興路德明路37巷,2016,1,0,1
西區新建街建成街(口)128巷,2016,1,0,1
東區立仁路彌陀路70巷,2016,1,0,3
西區蘭州一街與上海路257巷,2016,1,0,1
西區高鐵大道近世賢路,2016,1,0,1
西區仁愛路新榮路35巷,2016,1,0,1
西區長安街1巷,2016,1,0,1
東區五福街20巷,2016,1,0,1
西區新民路211巷,2016,1,0,1
西區玉山路大利街,2016,1,0,1
西區世賢路1段與松江一街,2016,1,0,1
東區芳興路宣信街,2016,1,0,1
西區大華路與玉山路186巷,2016,1,0,2
西區北興街411巷,2016,1,0,1
西區民族路新榮街,2016,1,0,1
東區吳鳳北路北門街,2016,1,0,1
西區民生南路與民生南路938巷,2016,1,0,1
東區頂庄自行車道,2016,1,0,1
東區保仁一街,2016,1,0,1
東區興仁街,2016,2,0,3
東區興仁街,2017,1,0,1
西區垂楊路永安街,2016,1,0,2
東區保安一路永吉四街,2016,1,0,2
西區大華路永樂二街,2016,1,0,1
西區北興路,2016,1,0,1
西區吳鳳北路延平街,2016,1,0,1
西區大富路大富五街,2016,1,0,1
東區紅毛埤路,2016,2,0,2
西區四維路國揚三街,2016,1,0,1
東區棒球場道路,2016,2,0,2
東區興業東路與159巷,2016,1,0,1
東區吳鳳南路83巷,2016,1,0,1
東區和平路361巷,2016,1,0,1
東區保義路202巷,2016,1,0,1
西區保正路,2016,1,0,2
西區國華街351巷,2016,3,0,4
東區保順路忠孝二街,2016,1,0,1
東區南田路崇文街,2016,1,0,1
東區大雅路1段858巷,2016,1,0,1
東區文化中心後方道路,2016,1,0,1
西區民生南路與湖子內路９２巷,2016,1,0,1
西區北興陸橋西向東機慢車道,2016,1,0,1
西區博愛路北興街,2016,1,0,1
西區老吸街31巷,2016,1,0,1
西區嘉雄陸橋西向東快車道,2016,1,0,1
東區八掌溪防汛道路,2016,1,0,1
東區世賢路四段,2016,1,0,1
西區玉山路251巷,2016,1,0,1
東區博愛路1段320巷,2016,1,0,1
東區文昌街51巷,2016,1,0,2
東區軍輝路溪興街(口)153巷,2016,1,0,1
東區盧義路文雅街282巷,2016,1,0,1
東區體育路市宅街21巷,2016,1,0,2
東區杭州三街,2016,1,0,1
東區彌陀路彌陀路238巷,2016,1,0,3
西區民族路力行街,2016,1,0,1
西區老吸街與老吸街43巷,2016,1,0,1
西區垂楊大橋西端第一支路,2016,1,0,1
東區興業東路興業東路115巷,2016,1,0,1
東區文化路康樂街,2016,2,0,2
西區世賢路1段與文化路743巷,2016,1,0,1
西區新榮路永安街,2016,3,0,4
西區西榮街西榮街269巷,2016,1,0,1
西區長榮路國華街,2016,1,0,1
西區重慶路溫州一街,2016,1,0,1
西區仁愛路293巷,2016,1,0,2
西區大信街,2016,1,0,1
西區大信街,2017,1,0,2
東區立仁路彌陀路(口)70巷,2016,1,0,1
東區台林街237巷,2016,2,0,4
西區高鐵大路,2016,1,0,1
西區大同路與玉山路186巷,2016,1,0,3
西區育人路778巷,2016,2,0,3
西區文中街,2016,1,0,1
西區美源街37號旁無名巷,2016,1,0,1
東區興安街197巷,2016,1,0,1
東區忠孝路保中一街,2016,1,0,1
西區自由路409巷,2016,1,0,1
西區世賢路1段與文化路５６６巷,2016,1,0,1
西區民生南路杭州一街,2016,2,0,2
西區世賢路1段與世賢路1段612巷,2016,1,0,1
西區友愛路慢車道與北興街411巷,2016,1,0,2
西區新民路859巷,2016,1,0,1
西區育人路３８１巷,2016,1,0,2
西區永欽橋旁防汛道路,2016,1,0,1
東區文雅街116巷,2016,1,0,1
東區吳鳳南路與吳鳳南路547巷,2016,1,0,1
西區文化路文華街,2016,1,0,1
西區保安一路永吉三街(口)46巷,2016,1,0,1
西區世賢路1段５８０巷,2016,1,0,1
東區義教街608巷,2016,1,0,1
東區忠孝路798巷,2016,1,0,1
東區興達路,2016,1,0,1
東區民權路112巷,2016,1,0,1
西區仁愛路成功街,2016,1,0,2
東區吳鳳北路與35巷,2016,1,0,1
西區大聖路大聖四街,2016,1,0,1
西區新建街95巷,2016,1,0,1
東區彌陀路225巷,2016,1,0,1
西區垂楊大橋東向西慢車道,2016,1,0,3
西區民生南路與湖子內路52巷,2016,1,0,1
東區建國路,2016,1,0,1
東區文雅街175巷,2016,1,0,1
東區垂楊路近成仁街,2016,1,0,1
東區忠孝北街２０２巷,2016,1,0,1
西區北社尾路601巷,2016,1,0,1
西區育人路４３８巷,2016,1,0,3
西區金山路永康一街,2016,1,0,2
東區盧義路367巷,2016,1,0,1
東區興業東路與175巷,2016,1,0,1
東區維新路忠孝路(口)346巷,2016,1,0,2
東區防汛道路與興安街123巷,2016,1,0,1
東區吳鳳南路166巷,2016,1,0,1
東區林森西路忠義街,2016,1,0,1
東區忠孝路３４６巷,2016,1,0,1
西區大溪路488巷,2016,1,0,1
東區世賢路1段台斗街,2016,1,0,1
東區保忠二街,2016,1,0,1
西區林森西路244巷,2016,1,0,1
西區上海路漢口街,2016,1,0,1
西區上海路196巷,2016,1,0,1
西區高鐵大道往西(路,2016,1,0,1
西區文化路松江三街,2016,2,0,2
西區民生南路916巷,2016,1,0,3
東區高鐵大道埤竹路,2016,1,0,1
東區和平路宣信街344巷,2016,1,0,1
西區大同路大同路635巷,2016,1,0,1
東區吳鳳北路康樂街,2016,1,0,1
東區義教街706巷,2016,1,0,1
東區彌陀路與彌陀路162巷,2016,1,0,1
西區民生南路與463巷,2016,1,0,1
東區台林街190巷,2016,1,0,1
西區南京路錦州一街,2016,1,0,2
西區保安四路通化二街,2016,2,0,2
東區大雅路2段與566巷,2016,1,0,1
西區友平街,2016,1,0,1
西區保安四路,2016,1,0,1
西區保安四路,2017,3,0,3
西區蘭州二街與蘭州四街１１２巷,2016,1,0,2
東區民權路與332巷,2016,1,0,1
西區民生南路新庄街,2016,1,0,1
西區西門街15巷,2016,1,0,1
東區芳安路３７５巷,2016,1,0,1
東區防汛道路、宣信街,2016,1,0,1
西區一期重劃區內道路,2016,1,0,2
東區彌陀路與192巷,2016,1,0,2
東區中正路文昌街,2016,1,0,1
西區玉山路１８６巷,2016,1,0,1
西區民生南路與510巷,2016,1,0,1
東區和平路體育路(口)（宣信街,2016,1,0,2
西區通化四街,2016,1,0,1
西區通化四街,2017,1,0,1
西區台林街,2016,1,0,2
東區中正路西門街,2016,1,0,2
東區小雅路大雅路二段495巷,2016,1,0,1
東區維新路光彩街,2016,1,0,2
東區芳安路與73巷,2016,1,0,2
東區文心街大雅路(口)792巷,2016,1,0,1
西區玉山路與158巷,2016,1,0,1
東區軍輝路124巷,2016,1,0,1
西區大富路自強街,2016,1,0,1
西區建成街206巷,2016,1,0,2
西區永樂三街,2016,1,0,1
西區湖子內替代道,2016,1,0,2
西區國華街國華街(口)351巷,2016,1,0,2
東區市宅街市宅街22巷,2016,1,0,2
東區宣信街吳鳳南路(口)17巷,2016,1,0,2
東區棒球場大客車停車場前道路,2016,1,0,1
東區小雅路453巷,2016,1,0,1
東區芳德街與南興路56巷,2016,1,0,1
東區林森東路維新街,2016,1,0,1
西區友愛路興雅街,2016,1,0,2
西區西門街與新榮路35巷,2016,1,0,2
西區世賢路3段溫州一街,2016,1,0,1
西區安東一街38巷,2016,1,0,2
東區南興路與芳安路315巷,2016,1,0,2
東區農牧路,2016,1,0,2
東區東義路603巷,2016,1,0,1
西區竹圍四路,2017,1,1,0
西區興美六路,2017,2,1,4
東區保忠三街,2017,6,0,8
西區忠孝街,2017,1,0,1
西區國聖三街,2017,1,0,1
西區興通路,2017,1,0,1
西區新庄街,2017,2,0,3
西區成仁街,2017,2,0,3
東區光正街,2017,1,0,1
西區姜安街,2017,2,0,2
東區立學街,2017,1,0,1
西區北安路,2017,4,0,5
西區吉林街,2017,1,0,1
西區杭州四街,2017,1,0,2
西區福全路,2017,1,0,1
西區湖美三路,2017,3,0,5
西區永福三街,2017,1,0,1
東區大富四街,2017,1,0,1
西區福義街,2017,4,0,6
東區忠義街,2017,1,0,2
東區北門街,2017,2,0,2
西區小雅路,2017,1,0,1
東區義教東街,2017,1,0,1
西區頂埤路,2017,1,0,1
西區遼寧街,2017,1,0,1
東區忠孝一街,2017,3,0,5
東區仁愛一街,2017,1,0,1
西區永康一街,2017,2,0,2
西區友信路,2017,1,0,1
東區志航街,2017,6,0,8
西區忠順一街,2017,1,0,1
西區安東三街,2017,2,0,3
西區新龍街,2017,1,0,1
西區保福一路,2017,1,0,1
東區公義路,2017,1,0,1
東區忠孝二街,2017,4,0,5
西區國安三街,2017,2,0,3
西區國聖六街,2017,2,0,2
西區賢雅街,2017,2,0,4
東區金山路,2017,1,0,1
西區自立街,2017,1,0,1
西區大聖北街,2017,1,0,1
東區興美六路,2017,3,0,4
西區大聖路,2017,1,0,1
西區國城四街,2017,1,0,1
西區永吉一街,2017,2,0,6
東區棒球場內道路,2017,1,0,2
西區合江街,2017,1,0,1
西區杭州六街,2017,3,0,3
西區大仁街,2017,1,0,1
西區福州六街,2017,1,0,3
東區永安路,2017,1,0,2
西區重慶三街,2017,1,0,1
西區僑安街,2017,1,0,1
西區興雅街,2017,1,0,1
西區永春三街,2017,1,0,1
西區福嘉街,2017,2,0,3
西區大聖南街,2017,1,0,1
西區忠順三街,2017,1,0,1
東區芳安街,2017,1,0,1
西區遼寧二街,2017,1,0,1
西區德陽街,2017,1,0,1
東區朝揚街,2017,1,0,1
西區泰瑞二街,2017,1,0,1
東區大同路,2017,1,0,1
東區新榮路,2017,1,0,1
西區福州一街,2017,1,0,2
西區高鐵大道1250號中油加油站(北站)旁路,2017,1,0,1
西區永春一街,2017,1,0,1
東區博愛陸橋下引道,2017,1,0,1
西區泰山一街,2017,1,0,1
西區撫順二街,2017,1,0,2
西區國安一街,2017,1,0,1
西區國安二街,2017,1,0,1
西區順興二路,2017,1,0,1
西區嘉雄陸橋往博愛路,2017,1,0,1
西區雙園街,2017,1,0,1
西區長春一街,2017,1,0,1
西區大賢路,2017,1,0,1
西區友順街,2017,1,0,1
西區福州二街,2017,1,0,1
東區荖藤宅道路,2017,1,0,1
西區嘉雄陸橋東向西第三支路,2017,1,0,2
西區健康九路,2017,1,0,1
西區健康十三路,2017,1,0,1
西區永樂二街,2017,1,0,1
西區德福街,2017,1,0,1
東區過溪路,2017,1,0,1
西區北港交流道,2017,1,0,1
東區順興一路,2017,1,0,3
西區北興陸橋(南端)慢車道,2017,1,0,1
