安樂區基金三路,2014,22,1,29
安樂區基金三路,2015,12,0,15
安樂區基金三路,2016,12,0,16
安樂區基金三路,2017,13,0,18
中山區中山一路,2014,27,1,40
中山區中山一路,2015,22,0,28
中山區中山一路,2016,26,1,32
中山區中山一路,2017,16,0,23
信義區孝東路,2014,16,1,17
信義區孝東路,2015,15,1,20
信義區孝東路,2016,10,0,13
信義區孝東路,2017,14,0,21
中正區義一路,2014,44,1,62
中正區義一路,2015,22,0,28
中正區義一路,2016,19,0,24
中正區義一路,2017,20,0,37
仁愛區南榮路393巷,2014,2,1,4
仁愛區南榮路393巷,2015,3,0,5
仁愛區南榮路393巷,2016,3,0,4
仁愛區南榮路393巷,2017,2,0,2
暖暖區八堵路,2014,67,1,100
暖暖區八堵路,2015,58,0,84
暖暖區八堵路,2016,57,1,82
暖暖區八堵路,2017,18,1,27
暖暖區源遠路,2014,54,2,66
暖暖區源遠路,2015,47,1,63
暖暖區源遠路,2016,40,0,53
暖暖區源遠路,2017,34,0,45
中正區漁港二街,2014,1,1,0
中正區漁港二街,2015,1,0,1
七堵區俊賢路,2014,26,1,29
七堵區俊賢路,2015,17,0,21
七堵區俊賢路,2016,12,0,16
七堵區俊賢路,2017,3,0,4
七堵區台62線東向5.6K大華系統匝道,2014,1,1,0
仁愛區南榮路,2014,54,3,77
仁愛區南榮路,2015,64,0,100
仁愛區南榮路,2016,55,0,72
仁愛區南榮路,2017,49,0,76
安樂區安樂路二段,2014,44,1,60
安樂區安樂路二段,2015,27,0,36
安樂區安樂路二段,2016,19,0,24
安樂區安樂路二段,2017,24,0,34
中正區中正路,2014,108,2,158
中正區中正路,2015,91,2,126
中正區中正路,2016,97,0,137
中正區中正路,2017,54,0,83
七堵區新台五路,2014,16,1,19
七堵區新台五路,2015,13,0,23
七堵區新台五路,2016,7,0,13
七堵區新台五路,2017,6,0,9
中山區德安路,2014,3,2,4
中山區德安路,2015,3,0,8
中山區德安路,2016,1,0,1
中山區德安路,2017,1,0,1
中正區正義路2巷,2014,1,1,0
七堵區光明路,2014,18,0,29
七堵區光明路,2015,12,0,16
七堵區光明路,2016,15,0,19
七堵區光明路,2017,14,0,23
信義區東信路236巷,2014,1,0,1
信義區東信路236巷,2015,3,0,6
信義區東信路236巷,2016,2,0,3
信義區東信路236巷,2017,1,0,1
七堵區實踐路福二街,2014,2,0,4
七堵區實踐路福二街,2015,1,1,0
安樂區國道,2014,3,0,3
安樂區國道,2015,5,0,6
安樂區國道,2016,11,1,20
安樂區國道,2017,1,0,3
暖暖區過港路,2014,12,0,17
暖暖區過港路,2015,16,0,21
暖暖區過港路,2016,20,0,26
暖暖區過港路,2017,13,0,18
信義區壽山路,2014,6,0,10
信義區壽山路,2015,6,0,8
信義區壽山路,2016,3,0,5
信義區壽山路,2017,6,0,7
中山區西定路,2014,75,0,104
中山區西定路,2015,43,0,68
中山區西定路,2016,32,0,51
中山區西定路,2017,46,0,69
安樂區基金一路129巷,2014,8,0,15
安樂區基金一路129巷,2015,7,0,8
安樂區基金一路129巷,2016,1,0,1
安樂區基金一路129巷,2017,3,0,4
仁愛區仁三路,2014,6,0,9
仁愛區仁三路,2015,3,0,4
仁愛區仁三路,2016,9,1,9
仁愛區仁三路,2017,10,0,15
仁愛區成功一路,2014,27,0,39
仁愛區成功一路,2015,29,0,37
仁愛區成功一路,2016,33,0,44
仁愛區成功一路,2017,17,0,23
仁愛區港西街,2014,42,0,57
仁愛區港西街,2015,27,0,36
仁愛區港西街,2016,27,0,36
仁愛區港西街,2017,20,0,25
中山區湖海路,2014,2,0,2
中山區湖海路,2015,7,1,10
中山區湖海路,2016,9,0,12
中山區湖海路,2017,3,1,4
中山區安一路,2014,23,0,33
中山區安一路,2015,16,0,20
中山區安一路,2016,11,0,14
中山區安一路,2017,12,0,16
中山區中和路,2014,24,0,28
中山區中和路,2015,18,0,24
中山區中和路,2016,19,0,25
中山區中和路,2017,13,0,15
仁愛區仁五路,2014,24,0,30
仁愛區仁五路,2015,25,1,33
仁愛區仁五路,2016,19,1,22
仁愛區仁五路,2017,11,0,17
七堵區國道,2014,19,0,29
七堵區國道,2015,17,1,22
七堵區國道,2016,20,0,29
七堵區國道,2017,22,1,47
信義區義七路崇右學院路段,2014,1,0,2
七堵區工建西路,2014,12,0,21
七堵區工建西路,2015,8,1,11
七堵區工建西路,2016,5,0,6
七堵區工建西路,2017,2,0,3
仁愛區愛三路,2014,47,0,64
仁愛區愛三路,2015,35,0,52
仁愛區愛三路,2016,43,0,66
仁愛區愛三路,2017,27,0,32
仁愛區孝二路,2014,13,0,17
仁愛區孝二路,2015,24,0,33
仁愛區孝二路,2016,12,0,14
仁愛區孝二路,2017,5,0,6
安樂區麥金路安樂路二段,2014,4,0,6
安樂區麥金路安樂路二段,2015,2,0,2
安樂區麥金路安樂路二段,2016,1,0,1
安樂區麥金路安樂路二段,2017,1,0,1
信義區信二路224巷,2014,1,0,1
安樂區安和一街2巷,2014,9,0,11
安樂區安和一街2巷,2015,2,0,3
安樂區安和一街2巷,2016,7,0,10
安樂區安和一街2巷,2017,1,0,1
信義區東信路,2014,55,0,76
信義區東信路,2015,50,0,72
信義區東信路,2016,24,0,38
信義區東信路,2017,33,0,49
信義區深澳坑路,2014,26,0,31
信義區深澳坑路,2015,33,0,42
信義區深澳坑路,2016,28,0,39
信義區深澳坑路,2017,18,1,21
仁愛區仁二路,2014,62,0,82
仁愛區仁二路,2015,43,0,58
仁愛區仁二路,2016,33,1,44
仁愛區仁二路,2017,19,0,27
七堵區長安街,2014,8,0,11
七堵區長安街,2015,2,0,2
七堵區長安街,2016,7,0,9
七堵區長安街,2017,4,0,5
仁愛區仁五路精一街,2014,4,0,5
仁愛區仁五路精一街,2015,1,1,1
仁愛區忠四路,2014,15,0,20
仁愛區忠四路,2015,9,0,12
仁愛區忠四路,2016,3,0,4
仁愛區忠四路,2017,2,0,3
中正區新豐街,2014,29,0,39
中正區新豐街,2015,35,0,49
中正區新豐街,2016,36,0,45
中正區新豐街,2017,35,0,48
安樂區樂利二街,2014,1,0,1
安樂區樂利二街,2015,2,0,2
安樂區樂利二街,2016,2,0,2
安樂區樂利二街,2017,2,0,3
安樂區麥金路,2014,57,0,65
安樂區麥金路,2015,75,0,93
安樂區麥金路,2016,67,0,102
安樂區麥金路,2017,51,0,68
七堵區工建路,2014,6,0,6
七堵區工建路,2015,7,0,8
七堵區工建路,2016,11,0,11
七堵區工建路,2017,13,0,20
七堵區明德二路,2014,45,0,64
七堵區明德二路,2015,44,2,60
七堵區明德二路,2016,36,2,56
七堵區明德二路,2017,32,0,49
中山區中華路,2014,22,0,32
中山區中華路,2015,18,0,28
中山區中華路,2016,18,1,20
中山區中華路,2017,9,0,13
七堵區福二街,2014,7,0,10
七堵區福二街,2015,8,0,10
七堵區福二街,2016,1,0,1
七堵區福二街,2017,5,0,7
七堵區實踐路百一街,2014,3,0,5
七堵區實踐路百一街,2015,2,0,3
七堵區實踐路百一街,2016,1,0,1
安樂區基金一路,2014,55,0,70
安樂區基金一路,2015,60,0,78
安樂區基金一路,2016,46,1,54
安樂區基金一路,2017,31,0,39
安樂區安一路,2014,59,0,76
安樂區安一路,2015,63,0,87
安樂區安一路,2016,64,0,94
安樂區安一路,2017,20,0,30
七堵區八德路,2014,26,0,39
七堵區八德路,2015,13,1,17
七堵區八德路,2016,21,0,23
七堵區八德路,2017,15,0,17
中山區中山二路健民街,2014,8,0,14
中山區中山二路健民街,2015,7,0,10
中山區中山二路健民街,2016,6,0,9
中正區信一路,2014,16,0,23
中正區信一路,2015,16,0,20
中正區信一路,2016,11,0,16
中正區信一路,2017,8,0,10
七堵區百七街,2014,5,0,6
七堵區百七街,2015,2,0,2
七堵區百七街,2016,2,0,2
信義區信二路,2014,26,0,34
信義區信二路,2015,21,0,27
信義區信二路,2016,16,0,20
信義區信二路,2017,13,0,23
中山區中山二路,2014,24,0,35
中山區中山二路,2015,30,1,40
中山區中山二路,2016,33,0,41
中山區中山二路,2017,9,0,10
安樂區基金一路135巷,2014,5,0,5
安樂區基金一路135巷,2015,9,0,13
安樂區基金一路135巷,2016,1,0,1
安樂區基金一路135巷,2017,4,0,4
暖暖區碇內街,2014,7,0,8
暖暖區碇內街,2015,6,0,7
暖暖區碇內街,2016,5,0,6
暖暖區碇內街,2017,4,0,6
中正區中正路正豐街,2014,6,0,10
中正區中正路正豐街,2015,5,0,7
中正區中正路正豐街,2016,4,0,4
中正區北寧路,2014,57,0,81
中正區北寧路,2015,78,1,115
中正區北寧路,2016,63,0,98
中正區北寧路,2017,39,1,58
中正區祥豐街,2014,32,0,47
中正區祥豐街,2015,23,0,30
中正區祥豐街,2016,29,0,42
中正區祥豐街,2017,17,0,23
中山區中和路168巷,2014,3,0,4
中山區中和路168巷,2015,8,0,9
中山區中和路168巷,2016,5,0,6
暖暖區東勢街,2014,9,0,9
暖暖區東勢街,2015,22,1,32
暖暖區東勢街,2016,11,0,16
暖暖區東勢街,2017,15,0,17
仁愛區成功一路133巷,2014,4,0,5
仁愛區成功一路133巷,2015,5,0,8
仁愛區成功一路133巷,2016,6,0,9
仁愛區成功一路133巷,2017,1,0,1
七堵區大華二路,2014,2,0,2
七堵區大華二路,2015,7,0,9
七堵區大華二路,2016,3,0,6
七堵區大華二路,2017,3,2,4
七堵區華新一路,2014,3,0,3
七堵區華新一路,2015,9,0,13
七堵區華新一路,2016,4,0,6
七堵區華新一路,2017,5,0,7
中正區正豐街,2014,7,0,10
中正區正豐街,2015,6,0,7
中正區正豐街,2017,4,0,5
安樂區湖海路,2014,8,0,11
安樂區湖海路,2015,12,0,19
安樂區湖海路,2016,3,0,3
安樂區湖海路,2017,3,0,4
中山區復興路230巷,2014,3,0,4
中山區復興路230巷,2015,1,0,2
中山區復興路230巷,2016,1,0,1
中山區復興路230巷,2017,1,0,1
暖暖區八堵路127巷,2014,2,0,3
暖暖區八堵路127巷,2015,2,0,4
暖暖區八堵路127巷,2016,3,0,4
暖暖區八堵路127巷,2017,6,0,8
信義區深澳坑路172巷,2014,2,0,5
信義區深澳坑路172巷,2016,1,0,1
信義區深澳坑路172巷,2017,1,0,1
中山區復興路,2014,41,0,59
中山區復興路,2015,47,0,59
中山區復興路,2016,46,0,64
中山區復興路,2017,32,0,49
信義區信一路,2014,58,0,84
信義區信一路,2015,45,1,62
信義區信一路,2016,49,1,63
信義區信一路,2017,18,0,25
七堵區崇信街37巷,2014,4,0,6
七堵區崇信街37巷,2015,1,0,2
七堵區崇智街,2014,2,0,2
七堵區崇智街,2015,3,0,5
七堵區崇智街,2016,3,0,4
七堵區崇智街,2017,17,0,20
信義區仁一路,2014,23,0,39
信義區仁一路,2015,10,0,15
信義區仁一路,2016,17,0,26
信義區仁一路,2017,8,0,13
安樂區安樂路一段,2014,35,0,50
安樂區安樂路一段,2015,30,0,42
安樂區安樂路一段,2016,30,0,39
安樂區安樂路一段,2017,19,0,25
七堵區永富路崇智街,2014,4,0,6
七堵區永富路崇智街,2015,2,0,3
七堵區永富路崇智街,2016,3,0,3
安樂區基金二路1巷,2014,4,0,5
安樂區基金二路1巷,2015,4,0,6
安樂區基金二路1巷,2016,2,0,2
安樂區基金二路1巷,2017,2,0,2
暖暖區過港路寧靜街,2014,2,0,3
暖暖區過港路寧靜街,2015,1,0,2
仁愛區仁二路137巷,2014,13,0,13
仁愛區仁二路137巷,2015,7,0,8
仁愛區仁二路137巷,2016,4,0,5
仁愛區仁二路137巷,2017,3,0,3
七堵區東新街,2014,5,0,6
七堵區東新街,2015,8,0,14
七堵區東新街,2016,7,0,9
七堵區東新街,2017,6,0,8
七堵區新台五路百一街,2014,2,0,3
七堵區新台五路百一街,2015,2,0,3
仁愛區仁四路,2014,14,0,20
仁愛區仁四路,2015,9,0,9
仁愛區仁四路,2016,12,0,13
仁愛區仁四路,2017,4,0,5
仁愛區劉銘傳路,2014,1,0,1
仁愛區劉銘傳路,2015,1,0,1
仁愛區劉銘傳路,2016,1,0,2
仁愛區劉銘傳路,2017,4,0,6
信義區義七路,2014,3,0,5
信義區義七路,2015,4,0,8
信義區義七路,2016,2,0,2
信義區義七路,2017,5,0,5
仁愛區忠一路,2014,34,0,44
仁愛區忠一路,2015,21,0,34
仁愛區忠一路,2016,19,0,25
仁愛區忠一路,2017,8,0,8
信義區深溪路,2014,24,0,30
信義區深溪路,2015,24,0,32
信義區深溪路,2016,16,0,21
信義區深溪路,2017,19,0,23
信義區深澳坑路6巷,2014,2,0,2
信義區深澳坑路6巷,2016,1,0,1
仁愛區仁一路,2014,70,0,98
仁愛區仁一路,2015,89,0,126
仁愛區仁一路,2016,63,0,85
仁愛區仁一路,2017,29,0,43
中山區中平街,2014,1,0,1
中山區中平街,2015,1,0,1
中山區中平街,2016,1,0,1
中山區中平街,2017,6,0,7
七堵區明德一路,2014,46,0,62
七堵區明德一路,2015,59,0,82
七堵區明德一路,2016,48,0,70
七堵區明德一路,2017,21,0,33
中正區中正路正榮街,2014,1,0,2
中正區中正路正榮街,2016,2,0,2
中正區調和街,2014,10,0,18
中正區調和街,2015,5,0,5
中正區調和街,2016,5,0,6
中正區調和街,2017,4,0,5
中正區北寧路252巷,2014,2,0,4
中正區北寧路252巷,2016,2,0,4
中正區北寧路252巷,2017,1,0,3
信義區深美街,2014,13,0,18
信義區深美街,2015,4,0,4
信義區深美街,2016,8,0,9
信義區深美街,2017,4,0,4
七堵區永富路,2014,3,0,3
七堵區永富路,2015,2,0,4
七堵區永富路,2016,3,0,3
七堵區永富路,2017,4,0,4
信義區崇法街,2014,6,0,8
信義區崇法街,2015,4,0,5
信義區崇法街,2016,6,0,8
信義區崇法街,2017,9,0,11
仁愛區南榮路64巷,2014,5,0,8
仁愛區南榮路64巷,2015,7,0,12
仁愛區南榮路64巷,2016,4,0,7
仁愛區南榮路64巷,2017,3,0,4
暖暖區國安路,2014,4,0,4
暖暖區國安路,2015,6,0,8
暖暖區國安路,2016,5,1,5
暖暖區國安路,2017,4,1,6
仁愛區愛一路,2014,39,0,50
仁愛區愛一路,2015,24,0,33
仁愛區愛一路,2016,24,0,28
仁愛區愛一路,2017,29,0,43
安樂區北濱公路,2014,10,0,13
安樂區北濱公路,2015,9,1,10
安樂區北濱公路,2016,7,0,13
安樂區北濱公路,2017,1,0,2
中山區中山一路113巷,2014,1,0,1
中山區中山一路113巷,2016,1,0,1
中山區中山一路113巷,2017,1,0,2
中山區復興路212巷,2014,4,0,5
中山區復興路212巷,2015,4,0,6
中山區復興路212巷,2016,5,0,6
中山區復興路212巷,2017,1,0,1
七堵區自強路,2014,3,0,3
七堵區自強路,2015,2,0,3
七堵區自強路,2017,2,0,2
安樂區基金二路,2014,7,0,10
安樂區基金二路,2015,5,0,7
安樂區基金二路,2016,6,0,7
安樂區基金二路,2017,4,0,6
信義區教忠街40巷,2014,2,0,2
信義區教忠街40巷,2017,1,0,1
信義區正信路東信路236巷,2014,1,0,2
信義區正信路,2014,14,0,20
信義區正信路,2015,9,0,11
信義區正信路,2016,4,0,6
信義區正信路,2017,9,0,12
七堵區福一街,2014,4,0,5
七堵區福一街,2015,5,0,5
七堵區福一街,2016,1,0,1
七堵區福一街,2017,6,0,8
安樂區基金一路208巷,2014,7,0,8
安樂區基金一路208巷,2015,16,0,24
安樂區基金一路208巷,2016,21,2,24
安樂區基金一路208巷,2017,8,0,12
信義區花源五街,2014,1,0,1
暖暖區過港路10巷,2014,2,0,2
暖暖區過港路10巷,2015,2,0,3
暖暖區過港路10巷,2017,1,0,1
信義區東明路77巷,2014,6,0,10
信義區東明路77巷,2015,2,0,3
信義區東明路77巷,2016,4,0,4
中山區文化路,2014,19,0,25
中山區文化路,2015,25,0,41
中山區文化路,2016,24,0,35
中山區文化路,2017,16,0,23
中正區中正路621巷,2014,2,0,4
中正區中正路621巷,2015,1,0,3
暖暖區暖暖街16巷,2014,1,0,1
暖暖區暖暖街16巷,2015,1,0,2
暖暖區暖暖街16巷,2016,1,0,2
中正區正濱路,2014,3,0,5
中正區正濱路,2015,6,0,8
中正區正濱路,2016,1,0,1
中正區正濱路,2017,3,0,5
七堵區實踐路百三街,2014,1,0,3
七堵區實踐路百三街,2016,1,0,2
暖暖區暖暖街281巷,2014,1,0,1
暖暖區暖暖街281巷,2015,3,0,5
暖暖區暖暖街281巷,2016,1,0,1
信義區義七路26巷,2014,1,0,1
仁愛區愛二路,2014,8,0,11
仁愛區愛二路,2015,7,0,8
仁愛區愛二路,2016,10,0,11
仁愛區愛二路,2017,6,0,8
中正區義一路20巷,2014,3,0,4
中正區義一路20巷,2016,5,0,7
中正區義一路20巷,2017,1,0,2
安樂區武嶺街,2014,4,0,5
安樂區武嶺街,2015,9,0,10
安樂區武嶺街,2016,8,0,10
安樂區武嶺街,2017,5,0,6
信義區東信路3巷,2014,4,0,7
信義區東信路3巷,2015,1,0,1
信義區東信路3巷,2016,2,0,3
七堵區福五街,2014,10,0,13
七堵區福五街,2015,9,0,12
七堵區福五街,2016,3,0,3
七堵區福五街,2017,9,0,12
仁愛區南榮路曲水街,2014,4,0,7
仁愛區南榮路曲水街,2015,5,0,9
仁愛區南榮路曲水街,2016,2,0,3
中正區八斗街,2014,2,0,3
中正區八斗街,2015,2,0,2
中正區八斗街,2016,3,0,3
中正區八斗街,2017,3,0,3
安樂區新西街,2014,4,0,5
安樂區新西街,2015,4,0,5
安樂區新西街,2017,1,0,1
仁愛區南榮路南新街,2014,10,0,12
仁愛區南榮路南新街,2015,5,0,7
仁愛區南榮路南新街,2016,3,0,3
仁愛區南榮路南新街,2017,1,0,1
暖暖區暖暖街,2014,5,0,8
暖暖區暖暖街,2015,15,0,21
暖暖區暖暖街,2016,14,0,18
暖暖區暖暖街,2017,14,0,17
安樂區樂一路,2014,1,0,1
安樂區樂一路,2015,5,0,10
安樂區樂一路,2016,1,0,1
安樂區樂一路,2017,3,0,3
七堵區明德一路自治街,2014,4,0,4
七堵區明德一路自治街,2015,3,0,3
七堵區明德一路自治街,2016,5,0,9
七堵區溪頭街,2014,1,0,2
七堵區溪頭街,2015,2,0,2
七堵區溪頭街,2016,1,0,1
仁愛區獅球路,2014,2,0,2
仁愛區獅球路,2015,2,0,4
仁愛區獅球路,2016,1,0,1
仁愛區獅球路,2017,1,0,3
中正區和豐街,2014,6,0,6
中正區和豐街,2015,4,0,5
中正區和豐街,2016,1,0,1
中正區和豐街,2017,2,1,1
仁愛區龍安街220巷,2014,3,0,3
信義區深澳坑路168巷,2014,3,0,3
信義區深澳坑路168巷,2015,4,0,5
信義區深澳坑路168巷,2016,1,0,1
七堵區明德一路崇孝街,2014,5,0,6
七堵區明德一路崇孝街,2015,2,0,4
七堵區明德一路崇孝街,2016,2,0,5
安樂區基金一路武嶺街,2014,4,0,4
安樂區基金一路武嶺街,2015,4,0,4
安樂區基金一路武嶺街,2016,3,0,4
仁愛區仁一路163巷,2014,1,0,2
七堵區自治街,2014,13,0,18
七堵區自治街,2015,4,0,4
七堵區自治街,2016,3,0,3
七堵區自治街,2017,4,0,6
中正區新豐街303巷,2014,8,0,12
中正區新豐街303巷,2015,9,0,9
中正區新豐街303巷,2016,3,0,4
中正區新豐街303巷,2017,4,0,5
中山區中山二路36巷,2014,2,0,3
中山區中山二路36巷,2015,1,0,1
中山區中山二路36巷,2017,3,0,5
七堵區實踐路253巷,2014,8,0,10
七堵區實踐路253巷,2015,4,0,6
七堵區實踐路253巷,2016,10,0,12
七堵區實踐路253巷,2017,3,1,2
七堵區明德一路崇智街,2014,10,0,15
七堵區明德一路崇智街,2015,14,0,21
七堵區明德一路崇智街,2016,7,0,12
仁愛區南新街,2014,6,0,9
仁愛區南新街,2015,3,0,4
仁愛區南新街,2016,1,0,1
仁愛區南新街,2017,8,0,12
七堵區福一街110巷,2014,1,0,1
七堵區福一街110巷,2016,1,0,1
信義區深澳坑路86巷,2014,3,0,5
信義區深澳坑路86巷,2016,3,0,6
信義區深澳坑路86巷,2017,3,0,8
中正區義二路,2014,12,0,14
中正區義二路,2015,16,0,18
中正區義二路,2016,16,0,23
中正區義二路,2017,6,0,8
信義區東明路,2014,24,0,30
信義區東明路,2015,32,1,44
信義區東明路,2016,23,0,35
信義區東明路,2017,9,0,12
信義區月眉路,2014,7,0,8
信義區月眉路,2015,3,0,4
信義區月眉路,2017,3,0,4
仁愛區南榮路134巷,2014,2,0,2
仁愛區南榮路134巷,2015,4,0,4
仁愛區南榮路134巷,2016,1,0,1
仁愛區南榮路134巷,2017,1,0,1
中正區環港街,2014,2,0,2
中正區環港街,2016,1,0,2
中正區環港街,2017,2,0,4
中山區復興路新西街,2014,1,0,1
中山區復興路新西街,2015,1,0,1
安樂區基金一路112巷,2014,4,0,5
安樂區基金一路112巷,2015,4,0,4
安樂區基金一路112巷,2016,7,0,11
安樂區基金一路112巷,2017,2,0,2
中山區協和街,2014,2,0,3
中山區協和街,2015,1,0,1
中山區協和街,2016,3,0,4
中山區協和街,2017,2,0,5
中正區豐稔街,2014,6,0,6
中正區豐稔街,2015,5,0,7
中正區豐稔街,2016,4,0,6
中正區豐稔街,2017,5,0,8
中正區北寧路望海巷,2014,2,0,2
安樂區麥金路樂利二街,2014,4,0,5
安樂區麥金路樂利二街,2015,2,0,3
安樂區麥金路樂利二街,2016,3,0,3
安樂區安和二街62巷,2014,1,0,1
七堵區百六街,2014,9,0,11
七堵區百六街,2015,3,0,4
七堵區百六街,2016,6,0,10
七堵區百六街,2017,3,0,4
七堵區實踐路,2014,5,0,7
七堵區實踐路,2015,7,0,11
七堵區實踐路,2016,8,0,10
七堵區實踐路,2017,8,0,9
信義區培德路,2014,17,0,23
信義區培德路,2015,28,0,42
信義區培德路,2016,12,0,18
信義區培德路,2017,13,0,16
安樂區安和一街6巷,2014,6,0,6
安樂區安和一街6巷,2015,3,0,3
安樂區安和一街6巷,2016,1,0,1
安樂區安和一街6巷,2017,1,0,1
信義區深澳坑產業道路,2014,1,0,1
信義區深澳坑產業道路,2015,1,0,2
中山區復興路259巷,2014,2,0,2
中山區復興路259巷,2015,1,0,3
中山區復興路259巷,2016,3,0,3
安樂區基金一路110巷,2014,1,0,1
中正區中正路119巷,2014,5,0,7
中正區中正路119巷,2015,3,0,4
中正區中正路119巷,2016,2,0,2
七堵區百一街,2014,4,0,7
七堵區百一街,2015,4,0,6
七堵區百一街,2016,7,0,10
七堵區百一街,2017,3,0,3
暖暖區過港路興隆街,2014,1,0,3
七堵區八堵路八堵路1巷,2014,1,0,1
七堵區新台五路二段,2014,2,0,4
七堵區新台五路二段,2016,3,0,3
七堵區新台五路二段,2017,1,0,1
安樂區麥金路樂利三街,2014,8,0,11
安樂區麥金路樂利三街,2015,5,0,6
安樂區麥金路樂利三街,2016,2,0,2
安樂區麥金路樂利三街,2017,1,0,1
七堵區永富路自治北街,2014,1,0,1
安樂區樂利三街,2014,10,0,11
安樂區樂利三街,2015,11,0,14
安樂區樂利三街,2016,7,0,10
安樂區樂利三街,2017,14,0,20
七堵區堵南街,2014,14,0,18
七堵區堵南街,2015,10,0,11
七堵區堵南街,2016,9,0,10
七堵區堵南街,2017,4,0,5
七堵區光明路自治街,2014,7,0,13
七堵區光明路自治街,2015,12,0,18
七堵區光明路自治街,2016,8,0,13
中正區立德路,2014,3,0,3
中正區立德路,2015,4,0,5
安樂區麥金路11巷,2014,3,0,3
仁愛區成功一路113巷,2014,1,0,2
七堵區長安街231巷,2014,1,0,1
七堵區長安街231巷,2016,1,0,1
中正區正榮街112巷,2014,1,0,1
中正區正榮街112巷,2016,1,0,1
暖暖區源遠路277巷,2014,2,0,2
暖暖區源遠路277巷,2015,1,0,1
中山區西定路423巷,2014,1,0,1
中山區西定路423巷,2015,1,0,1
中山區西定路423巷,2017,1,0,1
信義區深溪路深美街,2014,2,0,2
信義區深溪路深美街,2015,1,0,1
信義區深溪路深美街,2016,1,0,2
信義區深溪路深美街,2017,1,0,1
中正區中正路318巷,2014,1,0,2
中正區中正路318巷,2015,2,0,3
暖暖區水源路2巷,2014,2,0,2
暖暖區水源路2巷,2015,3,0,4
暖暖區水源路2巷,2016,4,0,4
暖暖區水源路2巷,2017,2,0,4
安樂區新西街2巷,2014,1,0,3
安樂區新西街2巷,2016,1,0,1
仁愛區南榮路319巷,2014,6,0,8
仁愛區南榮路319巷,2015,3,0,4
仁愛區南榮路319巷,2016,5,0,6
仁愛區南榮路319巷,2017,1,0,1
中山區復興路334巷,2014,1,0,2
中山區復興路334巷,2015,2,0,2
中山區復興路334巷,2017,2,0,3
七堵區百六街100巷,2014,1,0,1
七堵區百六街100巷,2015,3,0,3
七堵區百二街,2014,5,0,8
七堵區百二街,2015,3,0,5
七堵區百二街,2016,5,0,7
七堵區百五街,2014,4,0,6
七堵區百五街,2015,4,0,4
七堵區百五街,2016,2,0,2
七堵區百五街,2017,2,0,3
七堵區長安街233巷,2014,2,0,3
信義區教忠街100巷,2014,3,0,3
信義區教忠街100巷,2016,1,0,1
安樂區麥金路751巷,2014,1,0,1
安樂區麥金路751巷,2015,1,0,1
信義區六合街,2014,2,0,3
信義區六合街,2015,2,0,3
信義區六合街,2016,3,0,5
信義區六合街,2017,3,0,3
信義區培德路2巷,2014,2,0,3
信義區培德路2巷,2015,1,0,1
信義區培德路2巷,2016,1,0,1
信義區培德路2巷,2017,1,0,2
信義區信二路36巷,2014,1,0,1
信義區信二路36巷,2016,1,0,1
信義區信二路36巷,2017,1,0,1
七堵區福五街85巷,2014,1,0,1
七堵區福五街85巷,2015,1,0,1
仁愛區劉銘傳路48巷,2014,1,0,3
七堵區百三街,2014,13,0,13
七堵區百三街,2015,4,0,5
七堵區百三街,2016,4,0,5
七堵區百三街,2017,3,0,3
七堵區尚仁街,2014,1,0,1
七堵區尚仁街,2015,1,0,1
七堵區尚仁街,2017,3,0,3
信義區東信路154巷,2014,1,0,2
中山區中山四路,2014,2,0,2
中山區中山四路,2015,2,0,3
中山區中山四路,2016,1,0,1
中山區中山四路,2017,3,1,2
七堵區福三街,2014,1,0,1
七堵區福三街,2015,3,0,6
七堵區福三街,2016,1,0,1
七堵區福三街,2017,6,0,9
暖暖區八堵路49巷,2014,2,0,4
七堵區百六街百七街107巷,2014,1,0,2
信義區東光路32巷,2014,1,0,1
暖暖區過港路尚仁街,2014,2,0,3
暖暖區過港路尚仁街,2015,4,0,5
暖暖區過港路尚仁街,2016,2,0,2
中山區湖海路前段,2014,6,0,14
中山區湖海路前段,2015,3,0,4
中山區湖海路前段,2016,4,0,7
中山區湖海路前段,2017,2,0,4
中正區和一路,2014,2,0,2
中正區和一路,2015,2,0,2
中正區和一路,2016,3,0,3
中正區和一路,2017,5,0,8
七堵區工建路206巷,2014,1,0,1
七堵區工建路206巷,2015,1,0,1
七堵區明德一路崇禮街,2014,1,0,2
七堵區明德一路崇禮街,2015,1,0,1
七堵區明德一路崇禮街,2016,1,0,1
七堵區明德一路崇禮街,2017,1,0,1
暖暖區興隆路,2014,4,0,5
暖暖區興隆路,2015,1,0,1
暖暖區興隆路,2016,1,0,1
暖暖區興隆路,2017,1,0,1
仁愛區29號橋北上車道,2014,1,0,2
仁愛區29號橋北上車道,2016,1,0,1
中正區祥豐街198巷,2014,2,0,3
中正區祥豐街198巷,2015,1,0,1
仁愛區忠三路,2014,9,0,11
仁愛區忠三路,2015,6,0,6
仁愛區忠三路,2016,5,0,6
仁愛區忠三路,2017,7,0,9
仁愛區龍安街,2014,10,0,13
仁愛區龍安街,2015,5,0,9
仁愛區龍安街,2016,5,0,8
仁愛區龍安街,2017,6,0,6
暖暖區源遠路碇內街,2014,3,0,4
暖暖區源遠路碇內街,2015,6,0,8
暖暖區源遠路碇內街,2016,1,0,2
仁愛區南新街31巷,2014,3,0,5
仁愛區南新街31巷,2015,1,0,2
仁愛區南新街31巷,2016,3,0,3
仁愛區南新街31巷,2017,2,0,3
七堵區福一街51巷,2014,1,0,1
中山區西定路248巷,2014,1,0,2
中山區西定路248巷,2015,1,0,2
中正區和一路和平街,2014,2,0,2
暖暖區暖碇路,2014,3,0,4
暖暖區暖碇路,2015,2,0,2
暖暖區暖碇路,2016,1,0,2
暖暖區暖碇路,2017,3,0,6
中正區調和街80巷,2014,1,0,1
七堵區明德二路工東街,2014,1,0,2
七堵區明德二路工東街,2015,3,0,4
七堵區明德二路工東街,2016,1,0,3
七堵區明德二路工東街,2017,1,0,2
七堵區明德三路,2014,7,0,10
七堵區明德三路,2015,13,0,17
七堵區明德三路,2016,9,0,10
七堵區明德三路,2017,11,0,14
安樂區安樂路二段166巷,2014,8,0,10
安樂區安樂路二段166巷,2015,6,0,10
安樂區安樂路二段166巷,2016,4,0,5
安樂區安樂路二段166巷,2017,1,0,2
信義區教忠街95巷,2014,1,0,1
信義區教忠街95巷,2017,1,0,3
仁愛區南榮路200巷,2014,2,0,3
仁愛區南榮路200巷,2017,2,0,5
安樂區基金二路武訓街,2014,2,0,3
安樂區基金二路武訓街,2015,1,0,1
安樂區基金二路武訓街,2016,1,0,1
暖暖區水源路,2014,13,0,14
暖暖區水源路,2015,13,1,18
暖暖區水源路,2016,14,0,18
暖暖區水源路,2017,12,0,13
七堵區福一街56巷,2014,1,0,1
七堵區百六街107巷,2014,1,0,2
仁愛區愛四路,2014,2,0,7
仁愛區愛四路,2015,4,0,5
仁愛區愛四路,2017,10,0,11
仁愛區忠二路,2014,4,0,6
仁愛區忠二路,2015,3,0,3
仁愛區忠二路,2016,2,0,2
仁愛區忠二路,2017,1,0,2
暖暖區暖暖街246巷,2014,1,0,2
暖暖區暖暖街246巷,2015,2,0,2
暖暖區暖暖街246巷,2016,2,0,2
中山區中山二路89巷,2014,2,0,2
中山區中山二路89巷,2015,2,0,3
中山區中山二路89巷,2016,1,0,2
暖暖區源遠路62巷,2014,1,0,1
安樂區安和一街4巷,2014,2,0,2
安樂區安和一街4巷,2015,3,0,3
安樂區安和一街4巷,2016,2,0,3
安樂區安和一街4巷,2017,1,0,2
中正區義二路179巷,2014,1,0,1
暖暖區尚仁街,2014,6,0,7
暖暖區尚仁街,2015,5,0,6
暖暖區尚仁街,2016,6,0,7
暖暖區尚仁街,2017,3,0,3
安樂區基金一路武崙街,2014,1,0,1
安樂區基金一路武崙街,2015,5,0,8
安樂區基金一路武崙街,2016,2,0,3
仁愛區南榮路117巷,2014,2,0,2
安樂區安和一街,2014,2,0,3
安樂區安和一街,2015,4,0,5
安樂區安和一街,2016,6,0,9
安樂區安和一街,2017,11,0,15
信義區信一路65巷,2014,2,0,2
信義區信一路65巷,2015,1,0,1
信義區信一路65巷,2016,1,0,1
中山區通明街,2014,2,0,3
中山區通明街,2016,3,1,2
信義區教忠街25巷,2014,1,0,1
信義區教忠街25巷,2016,1,0,2
中正區中船路112巷,2014,1,0,2
中正區中船路112巷,2015,1,0,2
中正區中船路112巷,2016,5,0,6
中正區中船路112巷,2017,2,0,2
中山區中華路97巷,2014,2,0,3
中山區中華路97巷,2015,2,0,4
七堵區開元路,2014,1,0,1
七堵區開元路,2015,4,0,5
七堵區開元路,2016,3,0,4
七堵區開元路,2017,3,0,6
安樂區麥金路421巷,2014,1,0,1
安樂區麥金路421巷,2015,4,0,5
安樂區麥金路421巷,2016,1,0,1
中正區中正路東海街,2014,9,0,13
中正區中正路東海街,2015,5,0,7
中正區中正路東海街,2016,5,0,8
中正區中正路東海街,2017,1,0,2
七堵區新台五路福三街,2014,15,0,25
七堵區新台五路福三街,2015,4,1,6
七堵區新台五路福三街,2016,2,0,3
暖暖區源遠路325巷,2014,1,0,1
暖暖區源遠路325巷,2015,1,0,1
安樂區麥金路安和二街,2014,1,0,1
安樂區麥金路安和二街,2015,4,0,5
安樂區麥金路安和二街,2016,1,0,1
七堵區光明路東新街,2014,2,0,2
七堵區光明路東新街,2015,1,0,1
七堵區光明路東新街,2016,5,0,6
七堵區大華一路,2014,5,0,5
七堵區大華一路,2015,3,0,3
七堵區大華一路,2016,6,0,9
七堵區大華一路,2017,10,0,14
安樂區安一路176巷,2014,1,0,1
信義區義三路4巷,2014,2,0,2
安樂區北濱公路144巷,2014,1,0,1
安樂區基金二路379巷,2014,1,0,1
安樂區武訓街,2014,5,0,6
安樂區武訓街,2015,8,0,9
安樂區武訓街,2016,4,0,4
安樂區武訓街,2017,6,0,6
安樂區安樂路二段安和一街,2014,3,0,6
安樂區安樂路二段安和一街,2015,4,0,4
安樂區安樂路二段安和一街,2016,5,0,6
仁愛區成功一路134巷,2014,4,0,5
仁愛區成功一路134巷,2016,4,0,6
七堵區永富路崇禮街,2014,1,0,1
仁愛區成功一路140巷,2014,1,0,2
仁愛區成功一路140巷,2015,2,0,4
七堵區東新街37巷,2014,1,0,1
七堵區東新街37巷,2016,1,0,1
中山區湖海路前段16巷,2014,1,0,2
仁愛區孝一路,2014,3,0,4
仁愛區孝一路,2015,4,0,6
仁愛區孝一路,2016,6,0,6
仁愛區孝一路,2017,6,0,7
中正區祥豐街177巷,2014,2,0,2
中正區祥豐街177巷,2015,1,0,1
中正區祥豐街177巷,2016,1,0,1
中正區正濱路116巷,2014,1,0,1
中正區正濱路116巷,2016,2,0,3
信義區月眉路六合街,2014,2,0,2
仁愛區忠三路公園街,2014,1,0,1
仁愛區忠三路公園街,2015,1,0,1
安樂區湖海路二段,2014,5,0,8
安樂區湖海路二段,2015,5,0,5
七堵區光明路崇義街,2014,2,0,2
七堵區光明路崇義街,2016,1,0,2
七堵區萬瑞公路,2014,5,0,7
七堵區萬瑞公路,2015,4,0,4
七堵區萬瑞公路,2016,4,0,6
中正區祥豐街64巷,2014,1,0,1
中山區中華路通仁街,2014,1,0,4
中山區中華路通仁街,2015,4,0,9
中山區中華路通仁街,2016,2,0,2
中山區復興路297巷,2014,1,0,1
中山區成功二路,2014,7,0,10
中山區成功二路,2015,9,0,10
中山區成功二路,2016,10,0,11
中山區成功二路,2017,13,0,23
中正區壽山路,2014,1,0,3
仁愛區仁一路37巷,2014,2,0,2
仁愛區仁一路37巷,2015,3,0,4
仁愛區仁一路37巷,2016,1,0,1
七堵區南興路,2014,1,0,1
七堵區南興路,2016,1,0,1
七堵區南興路,2017,1,0,1
七堵區自強產業道路,2014,2,0,3
七堵區自強產業道路,2016,1,0,1
中正區觀海街,2014,1,0,3
中正區觀海街,2015,1,0,1
中正區觀海街,2017,2,0,4
七堵區福六街福五街8巷,2014,1,0,1
信義區教忠街141巷,2014,1,0,1
信義區教孝路,2014,3,0,3
信義區教孝路,2016,1,0,1
信義區教孝路,2017,3,0,5
中正區北寧路446巷,2014,2,0,4
中正區北寧路446巷,2016,1,0,1
中山區湖海路協和街,2014,1,0,1
中山區湖海路協和街,2015,1,0,2
七堵區八堵路,2014,8,0,11
七堵區八堵路,2015,15,0,20
七堵區八堵路,2016,3,0,6
七堵區八堵路,2017,1,0,1
中正區北寧路漁港一街,2014,1,0,1
信義區崇法街55巷,2014,2,0,2
信義區崇法街55巷,2015,1,0,1
仁愛區南榮路403巷,2014,1,0,1
信義區東光路崇法街,2014,1,0,1
七堵區大同街,2014,1,0,1
七堵區大同街,2015,2,0,3
七堵區大同街,2016,1,0,2
七堵區大同街,2017,3,0,4
中正區北寧路369巷,2014,1,0,1
中正區北寧路369巷,2015,2,0,3
暖暖區暖暖街197巷,2014,1,0,1
中正區新豐街205巷,2014,1,0,2
仁愛區愛五路19巷,2014,1,0,1
七堵區長安街221巷,2014,1,0,1
中山區西定路104巷,2014,1,0,1
中山區西定路104巷,2017,1,0,3
中正區調和街290巷,2014,2,0,2
中正區調和街290巷,2015,1,0,1
中正區調和街290巷,2016,2,0,3
中正區調和街290巷,2017,1,0,1
七堵區國道一號4公里300公尺處北向外側路,2014,1,0,2
暖暖區台62線路,2014,4,0,4
暖暖區台62線路,2015,7,0,13
暖暖區台62線路,2016,3,0,7
中正區北寧路調和街,2014,2,0,2
中正區北寧路調和街,2015,2,0,3
中正區北寧路調和街,2016,2,0,3
七堵區台62線往萬里方向(瑪陵隧道,2014,1,0,3
仁愛區南榮路455巷,2014,1,0,2
仁愛區南榮路455巷,2016,1,0,1
仁愛區南榮路455巷,2017,3,0,6
七堵區工建西路六堵二街,2014,1,0,1
七堵區五堵聯絡道,2014,1,0,1
七堵區工建北路,2014,1,0,1
七堵區工建北路,2017,1,0,1
七堵區崇禮街,2014,1,0,1
七堵區崇禮街,2015,2,0,3
七堵區崇禮街,2016,1,0,1
七堵區崇禮街,2017,7,0,11
七堵區實踐路百五街,2014,1,0,1
七堵區實踐路百五街,2015,1,0,1
七堵區崇廉街20巷,2014,1,0,1
暖暖區暖碇路38巷,2014,1,0,1
中山區復興路331巷,2014,1,0,2
中山區復興路331巷,2016,1,0,2
中山區中山一路港西街,2014,4,0,5
中山區中山一路港西街,2015,3,0,4
中山區中山一路港西街,2016,4,0,5
中山區中山一路港西街,2017,2,0,2
中山區光華路,2014,2,0,2
中山區文明路,2014,1,0,2
中山區文明路,2015,3,0,3
中山區文明路,2017,1,0,1
中正區平二路,2014,1,0,1
中正區平二路,2017,1,0,1
中山區中山一路217巷,2014,1,0,2
中山區中山一路217巷,2015,1,0,1
中正區信二路292號旁巷,2014,1,0,1
安樂區基金一路349巷,2014,1,0,1
安樂區基金一路349巷,2015,1,0,1
安樂區基金一路349巷,2016,1,0,1
安樂區基金一路349巷,2017,2,0,4
中正區新豐街162巷,2014,3,0,3
中正區新豐街162巷,2015,3,0,4
中正區新豐街162巷,2016,2,0,2
中正區新豐街162巷,2017,2,0,2
中正區正義路,2014,1,0,1
中正區正義路,2016,1,0,1
中正區信三路12巷,2014,2,0,3
中正區信三路12巷,2015,2,0,5
中正區信三路12巷,2016,1,0,1
信義區信一路70巷,2014,4,0,7
信義區信一路70巷,2015,2,0,3
信義區信一路70巷,2016,2,0,3
中正區平一路,2014,2,0,3
中正區平一路,2017,1,0,1
七堵區福二街福一街(口)福一街172巷,2014,1,0,1
中正區新豐街323巷,2014,2,0,2
中正區新豐街323巷,2015,2,0,3
中正區新豐街323巷,2016,1,0,2
中正區信一路159巷,2014,1,0,1
中山區德安路42巷,2014,1,0,2
七堵區大成街,2014,1,0,2
七堵區大成街,2015,1,0,1
中正區新豐街251巷,2014,3,0,4
中正區新豐街251巷,2015,6,0,8
中正區新豐街251巷,2016,5,0,7
中正區新豐街251巷,2017,1,0,1
中正區中正路112巷,2014,1,0,2
暖暖區源遠路69巷,2014,1,0,1
暖暖區暖中路寧靜街,2014,2,0,3
暖暖區暖中路寧靜街,2015,1,0,1
暖暖區暖中路寧靜街,2016,2,0,3
暖暖區寧靜街過港路(口)寧靜街60巷,2014,1,0,1
七堵區八德路金華街,2014,2,0,3
七堵區八德路金華街,2015,2,0,3
七堵區八德路金華街,2016,2,0,2
安樂區新西街89巷,2014,1,0,3
信義區教忠街80巷,2014,1,0,1
中山區健民街,2014,3,0,4
中山區健民街,2016,1,0,1
中山區健民街,2017,8,0,13
信義區2巷,2014,1,0,1
七堵區泰安路,2014,1,0,1
七堵區泰安路,2015,2,0,3
七堵區泰安路,2016,2,0,2
七堵區泰安路,2017,1,0,2
中山區中山三路,2014,3,0,4
中山區中山三路,2015,4,0,4
中山區中山三路,2016,1,0,1
中山區中山三路,2017,1,0,2
仁愛區孝三路,2014,5,0,5
仁愛區孝三路,2015,5,0,6
仁愛區孝三路,2016,4,0,6
仁愛區孝三路,2017,2,0,3
七堵區新台五路近福三街,2014,1,0,1
中正區信二路,2014,4,0,4
中正區信二路,2015,5,0,6
中正區信二路,2016,5,0,6
中正區信二路,2017,6,0,12
暖暖區興隆街,2014,2,0,4
暖暖區興隆街,2016,2,0,3
暖暖區興隆街,2017,1,0,1
中正區信五路,2014,1,0,1
中正區信五路,2015,2,0,4
中正區信五路,2016,3,0,4
中正區信五路,2017,1,0,1
信義區東明路9巷,2014,1,0,1
安樂區成功一路安樂路一段,2014,1,0,1
安樂區成功一路安樂路一段,2016,1,0,2
仁愛區崇安街149巷,2014,1,0,1
中正區北寧路環港街,2014,3,0,3
中正區北寧路環港街,2015,4,0,8
中正區北寧路環港街,2016,5,0,6
信義區義六路34巷,2014,1,0,1
仁愛區仁二路延平街,2014,2,0,2
仁愛區仁二路延平街,2016,2,0,2
中正區義一路義二路(口)179巷,2014,1,0,1
中正區中船路,2014,2,0,3
中正區中船路,2015,8,0,9
中正區中船路,2016,4,0,6
中正區中船路,2017,5,0,7
仁愛區光一路,2014,1,0,1
仁愛區光一路,2015,2,0,5
仁愛區光一路,2016,1,0,2
仁愛區光一路,2017,4,0,5
七堵區長安街210巷,2014,1,0,1
七堵區長安街210巷,2016,1,0,2
中正區中正路武昌街,2014,1,0,1
中正區中正路武昌街,2015,1,0,1
中正區中正路武昌街,2016,3,0,4
信義區東明路六合街,2014,3,0,3
信義區東明路六合街,2015,7,0,13
信義區東明路六合街,2016,2,0,3
信義區東明路六合街,2017,1,0,1
安樂區新西街57巷,2014,1,0,1
中山區中山高架道路,2014,1,0,2
中山區湖海路一段,2014,1,0,1
中山區湖海路一段,2015,2,0,3
中山區湖海路一段,2017,1,0,4
仁愛區南榮路509巷,2014,3,0,6
仁愛區南榮路509巷,2015,4,0,5
仁愛區南榮路509巷,2016,3,0,3
仁愛區南榮路509巷,2017,2,0,3
中正區新豐街329巷,2014,1,0,1
中正區新豐街329巷,2015,1,0,3
中正區新豐街329巷,2016,1,0,3
中正區新豐街329巷,2017,1,0,1
七堵區崇信街31巷,2014,1,0,1
仁愛區獅球路169巷,2014,2,0,2
仁愛區獅球路169巷,2016,1,0,2
安樂區崇德路,2014,1,0,1
安樂區崇德路,2017,6,0,9
安樂區樂利三街30巷,2014,2,0,3
中正區豐稔街41巷,2014,1,0,1
中正區豐稔街41巷,2015,4,0,4
中正區豐稔街41巷,2016,2,0,3
中正區豐稔街41巷,2017,1,0,1
安樂區台62線基金一路,2014,2,0,3
中正區立德路30巷,2014,1,0,1
中正區28號正濱路,2014,1,0,1
信義區信一路96巷,2014,1,0,1
信義區信一路96巷,2016,1,0,1
暖暖區暖暖街530巷,2014,1,0,1
暖暖區暖暖街530巷,2016,1,0,2
暖暖區暖暖街530巷,2017,1,0,2
仁愛區南榮路龍安街,2014,1,0,1
仁愛區南榮路龍安街,2015,2,0,3
中山區光華隧道,2014,1,0,1
安樂區成功一路、安樂路一段,2014,1,0,1
安樂區樂利三街32巷,2014,2,0,3
中山區仁安街,2014,1,0,1
中山區中華路167巷,2014,2,0,2
中山區中華路167巷,2015,2,0,3
信義區月眉路65巷,2014,2,0,2
信義區月眉路65巷,2016,1,0,1
信義區月眉路65巷,2017,1,0,1
仁愛區南新街51巷,2014,1,0,1
仁愛區南新街51巷,2016,1,0,2
中山區文化路協和街,2014,2,0,2
中山區文化路協和街,2015,8,0,12
中山區文化路協和街,2016,4,0,5
仁愛區南榮路精一街,2014,2,0,5
暖暖區暖暖街337巷,2014,1,0,1
中山區西定路110巷,2014,1,0,3
中山區西定路110巷,2016,1,0,1
中山區西定路110巷,2017,1,0,2
仁愛區光一路華一街,2014,1,0,2
仁愛區光一路華一街,2015,1,0,2
信義區東明路161巷,2014,1,0,2
信義區東明路161巷,2015,3,0,3
信義區東明路161巷,2017,1,0,1
七堵區光明路崇智街,2014,2,0,3
七堵區光明路崇智街,2015,2,0,3
七堵區光明路崇智街,2016,4,0,8
中正區北寧路祥豐街,2014,1,0,1
七堵區光明路崇禮街,2014,3,0,5
七堵區光明路崇禮街,2015,8,0,10
七堵區光明路崇禮街,2016,3,0,4
信義區信二路246巷,2014,1,0,2
信義區信二路246巷,2015,3,0,5
七堵區福五街8巷,2014,1,0,1
七堵區福五街8巷,2015,1,0,1
信義區信一路56巷,2014,1,0,2
信義區信一路56巷,2015,1,0,2
信義區信一路56巷,2016,1,0,1
暖暖區八堵路1巷,2014,1,0,2
暖暖區八堵路1巷,2016,3,0,4
中正區中船路90巷,2014,1,0,1
信義區崇法街67巷,2014,1,0,1
安樂區安和一街330巷,2014,1,0,1
安樂區安和一街330巷,2015,2,0,3
安樂區安和一街330巷,2017,1,0,1
仁愛區愛九路復興街,2014,1,0,1
仁愛區愛九路復興街,2016,1,0,1
仁愛區龍安街南榮路(口)64巷,2014,1,0,3
中正區信六路,2014,2,0,4
中正區信六路,2017,5,0,6
仁愛區仁一路7巷,2014,1,0,3
安樂區麥金路437巷,2014,1,0,3
安樂區麥金路437巷,2015,1,0,1
中山區通仁街,2014,1,0,1
中山區通仁街,2015,3,0,4
中山區通仁街,2017,2,0,3
暖暖區源遠路260巷,2014,1,0,1
暖暖區源遠路260巷,2015,1,0,1
暖暖區源遠路260巷,2017,1,0,1
暖暖區東勢街暖暖街246巷,2014,1,0,2
暖暖區東勢街暖暖街246巷,2016,1,0,1
安樂區安一路210巷,2014,1,0,1
信義區深澳坑路125巷,2014,1,0,2
信義區深澳坑路125巷,2017,1,0,1
中山區中山二路65巷,2014,1,0,1
中山區中山二路65巷,2015,4,0,6
中山區中山二路65巷,2016,2,0,3
中山區中山二路65巷,2017,2,0,3
暖暖區暖碇路碇內街,2014,1,0,1
信義區深溪路200巷,2014,1,0,2
信義區正信路225巷,2014,1,0,2
暖暖區源遠路297巷,2014,1,0,1
暖暖區源遠路297巷,2015,1,0,1
暖暖區源遠路297巷,2016,2,0,2
暖暖區源遠路297巷,2017,1,0,1
安樂區新西街162巷,2014,1,0,1
七堵區明德一路崇義街,2014,1,0,1
七堵區明德一路崇義街,2015,3,0,6
暖暖區國道,2014,2,0,3
暖暖區國道,2016,1,0,1
七堵區大德路,2014,1,0,1
七堵區大德路,2015,1,0,1
七堵區大德路,2016,2,0,2
七堵區大德路,2017,2,0,2
暖暖區源遠路226巷,2014,2,0,4
暖暖區源遠路226巷,2015,1,0,2
暖暖區源遠路226巷,2016,1,0,2
暖暖區源遠路226巷,2017,1,0,1
仁愛區仁一路265巷,2014,1,0,1
仁愛區仁一路265巷,2015,1,0,2
中正區新豐街333巷,2014,4,0,7
中正區新豐街333巷,2015,1,0,1
中正區新豐街333巷,2016,3,0,5
中正區新豐街333巷,2017,1,0,1
仁愛區崇安街,2014,1,0,1
仁愛區崇安街,2017,1,0,1
安樂區基金一路210巷,2014,1,0,2
安樂區基金一路210巷,2016,2,0,3
信義區深溪路新豐街,2014,1,0,1
信義區深溪路新豐街,2016,3,0,3
中山區湖海路前段協和街,2014,1,0,1
信義區東光路,2014,4,0,6
信義區東光路,2015,1,0,1
信義區東光路,2016,10,0,11
信義區東光路,2017,6,0,8
信義區東明路六和街,2014,1,0,1
中山區中華路69巷,2014,3,0,4
中山區中華路69巷,2015,1,0,1
中山區中華路69巷,2016,3,0,6
仁愛區仁二路119巷,2014,1,0,2
仁愛區仁二路119巷,2015,1,0,1
仁愛區仁二路119巷,2017,1,0,2
安樂區樂利三街229巷,2014,2,0,2
信義區東信路55巷,2014,1,0,1
信義區東信路55巷,2015,3,0,7
中山區文化路239巷,2014,1,0,1
中山區文化路239巷,2016,2,0,2
中山區文化路239巷,2017,2,0,3
中正區北寧路觀海街,2014,1,0,2
中正區北寧路觀海街,2015,1,0,2
中正區北寧路觀海街,2016,1,0,2
信義區深澳坑路福民街,2014,1,0,1
中山區德安產業道路,2014,1,0,2
七堵區實踐路百六街,2014,2,0,3
七堵區實踐路百六街,2015,4,0,6
七堵區實踐路百六街,2016,2,0,2
仁愛區公園街,2014,2,0,2
仁愛區公園街,2015,3,0,4
仁愛區公園街,2016,3,0,6
仁愛區公園街,2017,7,0,11
安樂區武隆街,2014,4,0,5
安樂區武隆街,2015,7,0,11
安樂區武隆街,2016,3,0,4
安樂區武隆街,2017,2,0,3
安樂區武聖街144巷,2014,2,0,2
安樂區武聖街144巷,2016,1,0,2
安樂區基金一路121巷,2014,3,0,3
安樂區基金一路121巷,2016,1,0,2
安樂區基金一路121巷,2017,2,0,2
暖暖區東碇路,2014,2,0,2
暖暖區東碇路,2015,4,0,4
暖暖區東碇路,2016,4,0,6
暖暖區東碇路,2017,4,0,5
信義區義五路8巷,2014,1,0,1
信義區東信路崇法街,2014,2,0,2
信義區東信路崇法街,2015,2,0,4
信義區東信路崇法街,2016,3,0,4
安樂區樂利二街62巷,2014,4,0,4
安樂區樂利二街62巷,2015,6,0,9
安樂區樂利二街62巷,2017,1,0,2
中山區文化路161巷,2014,1,0,2
信義區崇法街51巷,2014,1,0,1
仁愛區孝四路,2014,2,0,3
仁愛區孝四路,2015,1,0,5
仁愛區孝四路,2016,1,0,2
仁愛區孝四路,2017,2,0,3
信義區教忠街,2014,1,0,1
信義區教忠街,2015,1,0,1
信義區教忠街,2017,1,0,1
仁愛區中正高架道路,2014,1,0,1
仁愛區中正高架道路,2015,1,0,3
中正區調和街27巷,2014,1,0,2
安樂區安和二街,2014,1,0,1
安樂區安和二街,2017,4,0,5
安樂區樂利三街38巷,2014,1,0,1
安樂區樂利三街38巷,2015,1,0,1
仁愛區南榮路崇安街149巷,2014,1,0,2
仁愛區南榮路崇安街149巷,2015,1,0,2
仁愛區南榮路崇安街149巷,2016,1,0,2
信義區深澳坑路141巷,2014,1,0,1
信義區信一路141巷,2014,1,0,2
信義區信一路141巷,2015,1,0,1
信義區信一路141巷,2016,2,0,3
信義區信一路141巷,2017,1,0,1
仁愛區華三街,2014,1,0,2
仁愛區華三街,2016,1,0,1
中山區中華路64巷,2014,1,0,1
中山區中華路64巷,2015,1,0,1
中正區新豐街161巷,2014,1,0,1
中正區新豐街161巷,2015,1,0,1
中正區新豐街161巷,2016,1,0,1
中山區台二己線0公里000公尺處南向交流道,2014,1,0,1
信義區東峰街,2014,1,0,1
信義區東峰街,2015,1,0,3
信義區東峰街,2017,2,0,2
安樂區基金三路武隆街,2014,4,0,8
安樂區基金三路武隆街,2015,4,0,5
安樂區基金三路武隆街,2016,2,0,2
七堵區八德路尚仁街,2014,1,0,2
七堵區八德路尚仁街,2015,1,0,1
中山區文化路50巷,2014,1,0,1
中山區文化路50巷,2016,2,0,3
安樂區基金一路379巷,2014,1,0,1
安樂區基金一路379巷,2016,1,0,1
安樂區基金一路379巷,2017,1,0,1
安樂區八德路,2014,2,0,3
安樂區八德路,2017,1,0,2
中山區中華路通明街,2014,1,0,1
中正區北寧路274巷,2014,1,0,1
中正區北寧路274巷,2015,1,0,1
中正區北寧路274巷,2016,1,0,2
中正區中正路105巷,2014,1,0,1
中正區中正路105巷,2016,1,0,2
中正區中正路105巷,2017,1,0,2
安樂區樂利三街34巷,2014,1,0,1
安樂區樂利三街34巷,2015,1,0,1
安樂區樂利三街34巷,2017,1,0,2
仁愛區成功一路14巷,2014,1,0,1
仁愛區成功一路14巷,2017,1,0,1
中正區調和街29巷,2014,1,0,1
中正區調和街29巷,2016,1,0,2
信義區福民街,2014,1,0,1
信義區福民街,2017,1,0,1
暖暖區暖中路,2014,1,0,2
暖暖區暖中路,2015,1,0,1
暖暖區暖中路,2017,2,0,2
暖暖區源遠路暖暖街,2014,2,0,2
暖暖區源遠路暖暖街,2015,1,0,1
暖暖區源遠路暖暖街,2016,1,0,1
七堵區明德三路長安街,2014,2,0,4
七堵區明德三路長安街,2016,1,0,1
七堵區明德一路崇信街,2014,1,0,1
七堵區明德一路崇信街,2015,2,0,2
七堵區明德一路崇信街,2016,3,0,3
七堵區福一街172巷,2014,1,0,1
七堵區福一街172巷,2015,1,0,2
安樂區安一路284巷,2014,1,0,1
七堵區台62線瑪陵隧道,2014,1,0,1
七堵區台62線瑪陵隧道,2016,1,0,2
中正區義二路2巷,2014,1,0,1
信義區義五路,2014,1,0,1
信義區義五路,2016,2,0,2
信義區義五路,2017,10,0,15
中正區62快速道路,2014,1,0,2
中山區西定路132巷,2014,1,0,2
暖暖區寧靜街,2014,1,0,1
暖暖區寧靜街,2015,1,0,2
暖暖區寧靜街,2017,2,0,3
仁愛區成功一路安樂路一段,2014,3,0,5
仁愛區成功一路安樂路一段,2015,1,0,1
仁愛區成功一路安樂路一段,2016,2,0,2
七堵區工東路,2014,1,0,1
七堵區工東路,2015,1,0,2
七堵區工東路,2016,1,0,1
七堵區明德一路自治北街,2014,3,0,3
七堵區明德一路自治北街,2015,1,0,1
七堵區明德一路自治北街,2016,2,0,3
暖暖區寧靜街60巷,2014,1,0,2
安樂區武聖街,2014,1,0,3
安樂區武聖街,2015,3,0,4
安樂區武聖街,2016,1,0,2
安樂區武聖街,2017,4,0,4
安樂區安一路278巷,2014,2,0,3
安樂區安一路278巷,2015,1,0,2
安樂區安一路278巷,2016,2,0,3
安樂區安一路278巷,2017,1,0,1
仁愛區仁一路303巷,2014,1,0,3
仁愛區仁一路303巷,2015,1,0,1
仁愛區仁一路303巷,2016,1,0,1
信義區仁一路37巷,2014,1,0,1
信義區仁一路37巷,2016,2,0,2
中正區和一路2巷,2014,1,0,1
中正區和一路2巷,2015,3,0,3
七堵區泰安路193巷,2014,1,0,2
信義區義三路,2014,1,0,2
信義區義三路,2016,1,0,1
信義區義三路,2017,1,0,1
中山區文化路46巷,2014,1,0,1
中山區文化路46巷,2015,2,0,2
暖暖區碇內街192巷,2014,1,0,1
安樂區自強隧道,2014,1,0,3
安樂區自強隧道,2015,1,0,1
安樂區自強隧道,2016,2,0,2
安樂區129巷,2014,1,0,1
中正區中正路103號正榮街,2014,1,0,2
中正區東海街,2014,1,0,2
中正區東海街,2015,1,0,1
中正區東海街,2017,2,0,3
信義區東信路35巷,2014,2,0,4
信義區東信路35巷,2015,1,0,1
仁愛區崇安街45號旁巷,2014,1,0,1
仁愛區自來街,2014,1,0,2
仁愛區自來街,2017,2,0,3
安樂區樂利三街8巷,2014,1,0,1
安樂區樂利三街8巷,2015,1,0,1
安樂區樂利三街8巷,2016,2,0,4
安樂區樂利三街8巷,2017,1,0,1
七堵區工建路六堵一街,2014,1,0,1
七堵區工建路六堵一街,2015,1,0,1
中山區健民街1巷,2014,1,0,1
中山區復旦路19巷,2014,1,0,1
中山區復旦路19巷,2016,2,0,3
中山區復旦路19巷,2017,4,0,7
安樂區安一路100巷,2014,1,0,1
安樂區安一路100巷,2015,6,0,11
安樂區安一路100巷,2016,5,0,8
安樂區安一路100巷,2017,3,0,4
暖暖區暖暖街245巷,2014,1,0,1
暖暖區暖暖街245巷,2016,1,0,1
暖暖區暖暖街245巷,2017,1,0,1
安樂區樂利三街36巷,2014,1,0,1
安樂區樂利三街36巷,2016,1,0,1
安樂區基金三路武訓街,2014,1,0,2
安樂區基金三路武訓街,2016,1,0,1
安樂區武崙街,2014,1,0,2
安樂區武崙街,2015,1,0,2
安樂區武崙街,2017,1,0,1
仁愛區復興街73巷,2014,1,0,1
中山區中山一路241巷,2014,1,0,1
中山區中山一路241巷,2015,1,0,2
中山區中山一路241巷,2016,1,0,1
信義區東光路11巷,2014,1,0,1
信義區東明路55巷,2014,1,0,2
信義區東明路55巷,2015,1,0,1
信義區東明路55巷,2016,2,0,3
信義區東明路55巷,2017,1,0,1
中山區中和路中平街,2014,1,0,1
中山區中和路中平街,2015,3,0,3
中山區中和路中平街,2016,1,0,1
七堵區明德二路中間路段,2014,1,0,2
七堵區自治北街,2014,1,0,1
七堵區自治北街,2017,3,0,6
暖暖區源遠路268巷,2014,1,0,2
仁愛區光二路,2014,1,0,1
仁愛區光二路,2016,1,0,1
仁愛區光二路,2017,2,0,2
中山區光華路37巷,2014,1,0,2
信義區深澳坑路109巷,2015,1,1,0
七堵區崇智街27巷,2015,2,0,2
信義區深溪路36巷,2015,1,0,2
信義區深溪路36巷,2016,4,0,4
信義區深溪路36巷,2017,1,0,1
安樂區定國街83巷,2015,1,0,1
安樂區定國街83巷,2017,1,0,1
信義區豐稔街,2015,1,0,1
信義區東信路258巷,2015,2,0,4
信義區東信路258巷,2016,2,0,2
信義區東信路258巷,2017,1,0,3
暖暖區碇內街138巷,2015,1,0,1
仁愛區龍安街96巷,2015,1,0,1
安樂區安樂路一段81巷,2015,1,0,2
七堵區台62線中崙隧道,2015,1,0,1
中正區正榮街,2015,1,0,1
中正區正榮街,2017,2,0,3
中正區中正路264巷,2015,1,0,1
中正區中正路264巷,2016,1,0,1
七堵區明德一路221號崇孝街,2015,1,0,1
中山區湖海路二段武聖街144巷,2015,1,0,1
安樂區樂一路81巷,2015,1,0,2
安樂區樂一路81巷,2016,2,0,3
中山區西定路80巷,2015,1,0,1
中山區西定路80巷,2017,1,0,1
暖暖區東勢街26巷,2015,2,0,3
暖暖區東勢街26巷,2016,3,0,4
仁愛區愛五路,2015,2,0,2
仁愛區愛五路,2016,1,0,2
仁愛區愛五路,2017,4,0,6
信義區東明路67巷,2015,1,0,1
信義區東明路67巷,2017,1,0,1
信義區信二路6巷,2015,1,0,2
仁愛區劉銘傳路43巷,2015,2,0,2
信義區東明路17巷,2015,1,0,1
信義區東明路17巷,2016,1,0,1
中正區中船路36巷,2015,1,0,1
中正區中船路36巷,2016,3,0,4
信義區義七路10巷,2015,1,0,1
中正區新豐街68巷,2015,1,0,1
中正區祥豐街68巷,2015,1,0,1
中正區祥豐街68巷,2016,2,0,3
仁愛區愛四路98巷,2015,1,0,2
信義區教孝路55巷,2015,1,0,1
中正區信四路,2015,1,0,1
中正區信四路,2017,2,0,3
中正區中正路祥豐街,2015,2,0,3
中正區中正路祥豐街,2016,2,0,2
安樂區安中產業道路,2015,2,0,2
安樂區安中產業道路,2017,1,0,1
安樂區基金三路46巷,2015,1,0,1
安樂區基金三路46巷,2016,1,0,1
中正區信四路10巷,2015,1,0,2
中正區信四路10巷,2016,2,0,3
中正區信四路10巷,2017,1,0,1
七堵區崇信街,2015,1,0,1
七堵區崇信街,2017,1,0,1
信義區義一路,2015,2,0,2
信義區義一路,2016,2,0,3
信義區信三路12巷,2015,1,0,2
"信義區信二  義一路",2015,1,0,1
七堵區福六街,2015,1,0,1
七堵區福六街,2017,2,0,3
中正區信三路28巷,2015,1,0,1
中山區自強隧道,2015,1,0,2
暖暖區湖海路,2015,1,0,1
仁愛區愛三路公園街,2015,1,0,1
仁愛區台62線孝東路,2015,1,0,3
安樂區武嶺街208巷,2015,1,0,2
仁愛區基金一路135巷,2015,1,0,1
安樂區基金二路208巷,2015,1,0,1
安樂區安一路177巷,2015,3,0,3
安樂區安一路177巷,2016,3,0,3
安樂區安一路177巷,2017,2,0,2
暖暖區源遠路89巷,2015,2,0,2
暖暖區源遠路89巷,2016,1,0,1
暖暖區源遠路89巷,2017,3,0,6
安樂區復興路344巷,2015,1,0,2
中山區中山一路73巷,2015,1,0,1
中山區中山一路73巷,2017,1,0,1
信義區深美街86巷,2015,1,0,2
仁愛區劉銘傳路45巷,2015,1,0,4
中山區中山二路近健民街,2015,1,0,2
安樂區成功一路,2015,2,0,4
安樂區成功一路,2017,2,0,2
安樂區安一路370巷,2015,3,0,4
安樂區安一路370巷,2016,1,0,3
安樂區成功一路133巷,2015,1,0,1
暖暖區東勢街281巷,2015,1,0,1
七堵區崇禮街129巷,2015,1,0,1
暖暖區東碇路東勢街,2015,2,0,2
信義區東信路310巷,2015,1,0,2
中山區華興街,2015,1,0,1
仁愛區仁三路137巷,2015,1,0,1
七堵區大華三路,2015,1,0,1
七堵區福六街8巷,2015,1,0,1
暖暖區源遠路181巷,2015,1,0,1
安樂區湖海路武隆街,2015,1,0,1
信義區東信路63巷,2015,2,0,2
信義區東信路63巷,2016,2,0,2
信義區東信路63巷,2017,1,0,2
仁愛區劉銘傳路6巷,2015,1,0,1
安樂區定國街,2015,1,0,1
七堵區長安街239巷,2015,1,0,1
信義區培德路12巷,2015,1,0,3
信義區培德路12巷,2017,2,0,3
中正區北寧路靠新豐街,2015,1,0,2
信義區深澳坑路76巷,2015,1,0,2
中山區復興路201巷,2015,2,0,2
安樂區樂一路12巷,2015,1,0,2
安樂區樂一路12巷,2016,1,0,1
仁愛區198巷,2015,1,0,1
仁愛區成功一路118巷,2015,4,0,5
仁愛區成功一路118巷,2016,1,0,1
仁愛區成功一路118巷,2017,1,0,2
中正區393巷,2015,1,0,1
安樂區安中產業道路新西街,2015,1,0,1
暖暖區八堵路金華街,2015,1,0,1
暖暖區八堵路金華街,2016,1,0,1
信義區深澳坑路教忠街,2015,1,0,1
仁愛區仁五路31巷,2015,1,0,1
七堵區明德一路俊德街,2015,1,0,1
暖暖區源遠路152巷,2015,1,0,2
暖暖區源遠路152巷,2016,6,0,7
暖暖區源遠路152巷,2017,1,0,1
安樂區基金三路武聖街,2015,1,0,1
中正區義二路20巷,2015,1,0,2
中正區義二路20巷,2016,1,0,2
中正區中正路640巷,2015,1,0,1
中山區中和路85巷,2015,2,0,4
中山區中和路85巷,2017,1,0,1
七堵區三合街,2015,2,0,3
七堵區三合街,2016,1,0,1
七堵區三合街,2017,1,0,1
仁愛區南新街117巷,2015,1,0,1
七堵區工建路六堵二街,2015,2,0,3
七堵區工建路六堵二街,2016,1,0,2
中山區中山一路119巷,2015,1,0,1
安樂區崇德路10巷,2015,1,0,1
安樂區崇德路10巷,2016,1,0,1
安樂區崇德路10巷,2017,2,0,3
七堵區光明路南光街,2015,2,0,4
七堵區光明路南光街,2016,2,0,2
信義區教忠街168巷,2015,1,0,2
信義區深澳坑路東峰街,2015,1,0,1
七堵區實踐路福一街,2015,1,0,2
七堵區實踐路福一街,2016,2,0,3
中山區中山二路105巷,2015,1,0,2
信義區正信路175巷,2015,1,0,1
信義區正信路227巷,2015,1,0,1
信義區正信路227巷,2016,1,0,2
信義區正信路227巷,2017,1,0,1
中山區中華路1巷,2015,1,0,1
中山區中華路1巷,2016,1,0,1
信義區教孝街近3巷,2015,1,0,1
暖暖區暖暖街610巷,2015,1,0,1
仁愛區仁一路107巷,2015,1,0,1
中正區北寧路275巷,2015,1,0,1
中正區北寧路275巷,2016,1,0,1
中正區北寧路275巷,2017,1,0,1
中山區太白街,2015,1,0,1
仁愛區精一街,2015,1,0,1
仁愛區精一街,2016,4,0,5
暖暖區八堵路185巷,2015,1,0,2
暖暖區八堵路185巷,2016,2,0,3
暖暖區八堵路185巷,2017,1,0,3
仁愛區華四街,2015,1,0,1
仁愛區華四街,2017,2,0,2
七堵區明德一路崇廉街,2015,1,0,1
七堵區明德一路崇廉街,2016,1,0,2
暖暖區源遠路249巷,2015,3,0,3
暖暖區源遠路249巷,2016,2,0,3
信義區深澳坑路調和街,2015,2,0,3
中山區復興路120巷,2015,1,0,1
中山區西定路92巷,2015,1,0,1
七堵區明德二.三路,2015,1,0,5
仁愛區忠四路自來街,2015,1,0,1
仁愛區忠四路自來街,2016,1,0,1
仁愛區曲水街,2015,1,0,1
仁愛區曲水街,2017,3,0,4
信義區教忠街194巷,2015,1,0,1
中正區中正路656巷,2015,1,0,1
中正區中正路656巷,2017,1,0,1
暖暖區源遠路270巷,2015,1,0,1
暖暖區碇內街83巷,2015,1,0,1
中正區立德路198巷,2015,1,0,1
中正區北寧路八斗街,2015,1,0,1
中正區北寧路八斗街,2016,1,0,1
中正區北寧路新豐街,2015,4,0,5
中正區北寧路新豐街,2016,4,0,6
暖暖區源遠路98巷,2015,1,0,3
信義區深溪路55巷,2015,1,0,2
信義區深溪路55巷,2016,2,0,2
信義區深溪路55巷,2017,1,0,1
信義區東明里里東光路,2015,1,0,1
七堵區明德二路1巷,2015,2,0,2
七堵區明德二路1巷,2017,2,1,2
暖暖區碇內街63巷,2015,1,0,1
暖暖區源遠路188巷,2015,2,0,3
暖暖區源遠路188巷,2016,4,0,7
暖暖區源遠路188巷,2017,1,0,1
仁愛區仁三路3巷,2015,1,0,2
七堵區南光街,2015,1,0,1
七堵區南光街,2017,1,0,2
中正區新豐街177巷,2015,1,0,2
信義區崇法街17巷,2015,1,0,2
中正區中船路96巷,2015,1,0,1
仁愛區華二街,2015,1,0,1
安樂區西定路,2015,1,0,1
信義區新豐街,2015,1,0,1
仁愛區復興街,2015,1,0,1
仁愛區復興街,2016,1,0,1
仁愛區復興街,2017,2,0,2
七堵區百二街75巷,2015,1,0,1
暖暖區東碇路源遠路152巷,2015,1,0,1
信義區深澳坑路崇法街,2015,1,0,1
中山區安中產業道路,2015,1,0,2
安樂區北濱公路114巷,2015,1,0,2
暖暖區源遠路292巷,2015,1,0,2
暖暖區源遠路292巷,2016,1,0,1
信義區東光路250巷,2015,1,0,2
安樂區湖海路一段協和街,2015,2,0,3
七堵區明德一路172巷,2015,1,0,2
暖暖區暖暖街196巷,2015,2,0,2
信義區天外天產業道路,2015,1,0,1
七堵區實踐路福五街,2015,2,0,2
七堵區實踐路福五街,2016,2,0,2
信義區義六路,2015,1,0,1
信義區義六路,2016,1,0,1
信義區義六路,2017,4,0,8
中正區新豐街405巷,2015,1,0,1
信義區義四路,2015,1,0,1
信義區義四路,2017,6,0,6
中山區中山三路3巷,2015,1,0,1
中山區中山三路3巷,2017,1,0,1
暖暖區暖暖街379巷,2015,1,0,1
暖暖區暖暖街379巷,2016,2,0,2
中山區西定路398巷,2015,1,0,1
信義區正信路花源九街,2015,1,0,1
信義區深美街201巷,2015,1,0,3
信義區深美街201巷,2016,1,0,1
信義區深美街201巷,2017,1,0,1
仁愛區南榮路崇安街(口)149巷,2015,1,0,1
中山區新生路,2015,1,0,1
中山區新生路,2016,2,0,3
中山區新生路,2017,3,0,4
仁愛區光一路華三街,2015,1,0,1
中正區台62甲機車引道,2015,1,0,2
中山區安一路278巷,2015,1,0,1
暖暖區暖暖街570巷,2015,1,0,3
七堵區五堵聯絡道鐵路,2015,1,0,1
仁愛區精一路,2015,1,0,1
七堵區62快速道路,2015,1,0,1
信義區東信路2巷,2015,1,0,1
安樂區基金一路175巷,2015,1,0,2
安樂區基金一路175巷,2016,2,0,3
中正區北寧路31巷,2015,1,0,1
中正區北寧路31巷,2016,1,0,1
中正區北寧路31巷,2017,2,0,3
中正區中正路393巷,2015,1,0,1
七堵區東新街6巷,2015,1,0,3
七堵區東新街6巷,2016,1,0,2
七堵區東新街6巷,2017,1,0,1
中山區中平街7巷,2015,1,0,1
仁愛區愛六路,2015,1,0,1
仁愛區愛六路,2017,7,0,12
七堵區泰安路一巷,2015,1,0,1
暖暖區東勢坑產業道路,2015,1,0,1
信義區東光路205巷,2015,1,0,1
信義區東光路205巷,2016,1,0,2
中山區中山三路103巷,2015,1,0,1
暖暖區東碇路碇內街,2015,1,0,1
暖暖區東碇路近碇內街,2015,1,0,1
安樂區武隆街103巷,2015,2,0,3
七堵區八德路17巷,2015,1,0,2
七堵區八德路17巷,2016,2,1,1
安樂區武聖街50巷,2015,1,0,1
信義區東信路花源一街,2015,1,0,1
中山區中和路70巷,2015,1,0,1
中山區中和路70巷,2016,2,0,3
中山區中和路70巷,2017,3,0,8
中山區文化路223巷,2015,1,0,1
中山區西定路42巷,2015,1,0,2
中山區西定路42巷,2016,2,0,3
中山區西定路42巷,2017,1,0,1
信義區東光路東峰街,2015,1,0,2
安樂區北濱公路靠武勝街,2015,1,0,1
七堵區俊賢路俊德街,2015,1,0,1
中正區調和街226巷,2016,1,0,1
信義區義七路9巷,2016,1,0,2
安樂區新西街141巷,2016,1,0,1
中山區復旦路,2016,5,0,5
七堵區實踐路294巷,2016,1,0,1
七堵區長安街249巷,2016,1,0,1
安樂區麥金路715巷,2016,2,0,2
中山區中和路164巷,2016,3,0,5
中山區中和路164巷,2017,1,0,1
仁愛區仁二路76號延平街,2016,1,0,1
中正區基瑞公路,2016,1,0,2
中正區北寧路漁港三街,2016,1,0,2
仁愛區仁一路137巷,2016,1,0,2
安樂區安一路266巷,2016,1,0,2
七堵區明德二路長安街,2016,1,0,1
信義區東信路180巷,2016,1,0,1
七堵區東新街55巷,2016,1,0,1
暖暖區水源路1巷,2016,1,0,2
七堵區開元路自治街,2016,1,0,1
信義區培德路7巷,2016,1,0,1
安樂區復興路212巷,2016,1,0,1
仁愛區仁二愛四路,2016,1,0,1
信義區教孝路3巷,2016,1,0,1
中山區新民路,2016,1,0,1
中山區新民路,2017,2,0,2
七堵區福六街福五街(口)8巷,2016,1,0,1
中正區正濱路26巷,2016,1,0,1
仁愛區成功路,2016,1,0,1
仁愛區獅球路48巷,2016,1,0,1
仁愛區獅球路48巷,2017,1,0,1
中山區新西街,2016,2,0,2
中山區中山二路靠健民街,2016,1,0,1
仁愛區台二己線0公里0公尺處北向內側車道,2016,1,0,1
仁愛區愛九路,2016,1,0,2
仁愛區愛九路,2017,1,0,1
信義區教孝路1巷,2016,1,0,1
七堵區明德一路2巷,2016,3,0,4
七堵區明德一路2巷,2017,1,0,2
中正區平一路2巷,2016,1,0,1
安樂區樂利三街2巷,2016,1,0,1
仁愛區光二華四街,2016,1,0,2
七堵區國道一號2公里450公尺處北向路,2016,1,0,1
信義區正信路22巷,2016,1,0,1
中山區新生路55巷,2016,1,0,1
仁愛區愛三仁四路,2016,2,0,2
中山區中山一路291巷,2016,1,0,1
中正區新豐街327巷,2016,1,0,2
中山區中山二路1巷,2016,1,0,1
中山區新生路36巷,2016,1,0,2
中山區新生路36巷,2017,1,0,2
信義區花源九街,2016,1,0,1
中正區正榮街77巷,2016,1,0,1
七堵區東新街4巷,2016,1,0,2
七堵區大華一路57巷,2016,2,0,4
暖暖區八堵隧道,2016,1,0,2
暖暖區八堵隧道,2017,1,0,1
安樂區安樂路一段69巷,2016,1,0,3
信義區花源一街,2016,1,0,1
中山區通仁街30巷,2016,1,0,1
七堵區永富路崇義街,2016,1,0,1
七堵區華新二路,2016,1,0,1
暖暖區八堵過港路,2016,1,0,2
七堵區福五街實踐路(口)294巷,2016,1,0,1
信義區信一路57巷,2016,1,0,1
中山區通仁街84巷,2016,1,0,2
中山區台二己線0公里900公尺處北向內側車道,2016,1,0,1
七堵區福五街實踐路294巷,2016,1,0,1
信義區培德路東峰街,2016,1,0,1
仁愛區仁四愛二路,2016,1,0,1
仁愛區仁四愛二路,2017,1,0,1
信義區信一義三路,2016,1,0,2
七堵區大華一路125巷,2016,1,0,2
七堵區福二街福二街154巷,2016,1,0,2
中山區西定路98巷,2016,1,0,1
七堵區暖暖產業道路,2016,1,0,2
安樂區安一路定國街,2016,1,0,1
中山區西定路258巷,2016,1,0,2
中山區安一路370巷,2016,1,0,2
中山區西定路新生路(口)新西街,2016,1,0,1
仁愛區仁五愛一路,2016,1,0,1
信義區東明路39巷,2016,1,0,3
信義區教忠街200巷,2016,1,0,1
七堵區泰安路2巷,2016,1,0,2
仁愛區仁一愛九路,2016,1,0,3
中山區中山一路112巷,2016,1,0,1
安樂區基金二路一巷,2016,1,0,1
七堵區堵南街18巷,2016,1,0,1
安樂區安樂路一段樂一路81巷,2016,1,0,2
仁愛區忠三孝三路,2016,1,0,2
中山區安一路34巷,2016,1,0,1
安樂區基金一路122巷,2016,2,0,3
七堵區福二街242巷,2016,1,0,3
中正區漁港三街,2016,1,0,1
中正區中船路5巷,2016,1,0,1
中正區北寧路漁港二街,2016,1,0,4
中正區平一路33巷,2016,1,0,1
安樂區基金三路80巷,2016,1,0,1
仁愛區光一路華六街,2016,1,0,1
七堵區百二福三街,2016,1,0,1
七堵區崇義街,2016,1,0,1
七堵區崇義街,2017,3,0,3
中山區台二己線1公里800公尺處北向外側車道,2016,1,0,1
信義區中正信一路,2016,1,0,1
仁愛區仁一路41巷,2016,1,0,2
中山區中華路96巷,2016,1,0,1
信義區培德路14巷,2016,3,0,3
暖暖區興隆街中央路48巷,2016,1,0,2
中正區中正路77巷,2016,1,0,1
仁愛區孝三路99巷,2016,1,0,1
中山區中山二路港西街,2016,1,0,1
中正區信三路,2016,2,0,2
中正區信三路,2017,5,0,6
信義區東美一街,2016,1,0,1
七堵區大華二路大同街,2016,1,0,1
七堵區大德路堵南街,2016,1,0,1
中正區中正路中船路(口)中船路12巷,2016,1,0,1
中山區國道,2016,1,0,1
信義區信一義七路,2016,1,0,1
仁愛區光二路華三街,2016,1,0,1
信義區教忠街136巷,2016,1,0,3
七堵區外側路,2016,1,0,1
中正區信七路,2016,1,0,1
中正區信七路,2017,2,0,2
暖暖區暖暖街335巷,2016,1,0,2
安樂區台二己線3公里0公尺處北向內側車道,2016,1,0,1
中山區中山二路51巷,2016,1,0,1
七堵區明德一路南光街,2016,2,0,3
暖暖區八堵路129巷,2016,1,0,2
暖暖區源遠路193巷,2016,1,0,1
暖暖區源遠路193巷,2017,2,0,4
中正區中正路580巷,2016,1,0,2
仁愛區孝四路中山橋往公園街,2016,1,0,1
暖暖區台62線西向角流道,2016,1,0,1
中正區和一路58巷,2016,1,0,2
中山區中山一路健民街,2016,1,0,1
七堵區麥金路,2016,1,0,1
七堵區麥金路,2017,2,0,2
七堵區永富路崇孝街,2016,1,0,1
仁愛區中正路,2016,1,0,1
中山區西定路新西街,2016,1,0,2
中正區中船路7巷,2016,1,0,1
暖暖區碇內街184巷,2016,1,0,2
信義區義一信三路,2016,1,0,2
仁愛區南榮路191巷,2016,1,0,1
安樂區樂利三街263巷,2016,1,0,1
安樂區樂利三街263巷,2017,1,0,1
中正區信六路20巷,2016,1,0,1
中山區中山三路111巷,2016,1,0,1
信義區62快八斗子交流道近深澳坑路,2017,1,1,3
暖暖區南榮路,2017,1,1,1
七堵區崇孝街,2017,1,1,0
中山區復興路239巷,2017,1,0,1
信義區中興路,2017,2,0,2
七堵區崇廉街,2017,2,0,2
七堵區自治街38巷,2017,1,0,1
"七堵區國道1號 3公里600.0公尺處南向外側路",2017,1,0,1
仁愛區獅球路44巷,2017,1,0,2
七堵區自治街28巷,2017,1,0,1
七堵區百七福一街,2017,1,0,1
暖暖區暖暖交流道,2017,1,0,1
七堵區崇智街11巷,2017,1,0,1
"中山區台2己 2公里北向交流道",2017,1,0,1
仁愛區二十九號橋北上車道,2017,1,0,1
中山區西定路226巷,2017,1,0,2
仁愛區中山橋(公園街,2017,1,0,1
"七堵區國道1號 4公里900.0公尺處北向外側路",2017,1,0,1
暖暖區碇內街196巷,2017,1,0,1
中正區中正正豐街,2017,1,0,1
"七堵區國道1號 3公里400.0公尺處南向外側路",2017,1,0,1
信義區東信路264巷,2017,1,0,3
中山區安一路100巷,2017,1,0,1
中正區義三路,2017,1,0,1
安樂區基金一路249巷,2017,1,0,2
信義區信一信二路,2017,1,0,2
仁愛區華一街,2017,2,0,3
中山區崇德路,2017,1,0,2
中山區基隆市復興隧道,2017,1,0,4
中山區西定路322巷,2017,1,0,2
中山區西定路128巷,2017,1,0,2
中正區祥豐街200巷,2017,1,0,2
暖暖區國安路30巷,2017,1,0,1
仁愛區仁四路19巷,2017,1,0,1
信義區教孝街1巷,2017,1,0,3
中山區中山一路221巷,2017,1,0,1
中山區中山一路141巷,2017,1,0,1
"七堵區國道3號 4公里600.0公尺處南向外側路",2017,1,0,1
中正區和平街,2017,1,0,1
信義區62快速道路,2017,1,0,2
暖暖區金華街,2017,2,0,3
暖暖區源遠路280巷,2017,1,0,3
七堵區八堵路127巷,2017,1,0,1
安樂區武隆街13巷,2017,1,0,1
信義區教孝街,2017,3,0,3
信義區深美街200巷,2017,1,0,2
七堵區福二街154巷,2017,1,0,1
仁愛區仁二路117巷,2017,1,0,2
中正區新豊街,2017,2,0,5
暖暖區碇內街73巷,2017,1,0,1
安樂區武隆路,2017,1,0,2
七堵區光明開元路,2017,1,0,1
中山區華興街53巷,2017,1,0,3
安樂區台62線基金一路135巷,2017,1,0,1
信義區深溪坑路6巷,2017,1,0,1
七堵區大華橋路,2017,1,0,2
仁愛區復興街6巷,2017,1,0,1
仁愛區忠三街,2017,1,0,1
安樂區樂利三路,2017,1,0,2
中正區武昌街,2017,1,0,2
七堵區工建街,2017,1,0,1
信義區深沃坑路,2017,2,0,3
中山區復興街,2017,1,0,2
中山區中山二路52巷,2017,1,0,3
中山區湖海路1段,2017,1,0,2
安樂區武崙路,2017,1,0,1
安樂區外木山沙灘三岔路,2017,1,0,2
仁愛區愛一街,2017,1,0,1
暖暖區源遠街,2017,1,0,1
安樂區中山ㄧ路,2017,1,0,1
暖暖區八德路,2017,1,0,2
安樂區安一、西定路,2017,1,0,1
中正區祥豐街449巷,2017,1,0,1
七堵區工建路104巷,2017,1,0,1
"七堵區國道1號 4公里800.0公尺處南向外側路",2017,1,0,1
中山區文化路55巷,2017,1,0,2
信義區義九路,2017,1,0,1
中正區漁港一街,2017,1,0,1
七堵區工建南路,2017,1,0,1
中山區港西街,2017,1,0,3
中正區深溪路,2017,1,0,1
中山區安一路1巷,2017,1,0,1
中正區中正路往東海街,2017,1,0,1
安樂區八德路78巷,2017,1,0,1
