湖西鄉鼎灣村縣203線7公里200公尺處東向外側車道,2014,1,1,2
湖西鄉湖西村岔路,2014,2,1,2
湖西鄉湖西村岔路,2015,3,0,5
湖西鄉許家村縣203線5公里900公尺處北向外側車道,2014,1,1,0
湖西鄉許家村縣203線5公里900公尺處北向外側車道,2015,1,0,3
馬公市興仁里縣204線4公里300公尺處西向外側車道,2014,1,0,1
馬公市中興里明遠路,2014,7,0,10
馬公市中興里明遠路,2015,2,0,2
馬公市中興里明遠路,2016,2,0,2
馬公市中興里明遠路,2017,1,0,1
西嶼鄉竹灣村澎2號道,2014,1,0,1
馬公市長安里中正路,2014,6,0,7
馬公市長安里中正路,2015,4,0,5
馬公市長安里中正路,2016,8,0,13
馬公市長安里中正路,2017,1,0,2
馬公市西文里縣203線3公里1公尺處東向外側車道,2014,1,0,1
馬公市陽明里陽明路永安街,2014,1,0,1
馬公市陽明里陽明路永安街,2016,2,0,2
馬公市東文里文德路,2014,1,0,1
馬公市案山里文德路大賢街,2014,4,0,4
馬公市案山里文德路大賢街,2015,1,0,2
馬公市案山里文德路大賢街,2016,2,0,2
馬公市陽明里水源路北辰街,2014,2,0,2
馬公市陽明里水源路北辰街,2015,2,0,2
馬公市陽明里水源路北辰街,2016,7,0,12
馬公市光復里新生路,2014,6,0,9
馬公市光復里新生路,2015,1,0,1
馬公市光復里新生路,2016,4,0,4
馬公市光復里新生路,2017,3,0,4
馬公市朝陽里三多路,2014,11,0,15
馬公市朝陽里三多路,2015,11,0,18
馬公市朝陽里三多路,2016,9,0,13
馬公市朝陽里三多路,2017,8,0,10
馬公市陽明里北辰街,2014,2,0,3
馬公市陽明里北辰街,2015,2,0,3
馬公市陽明里北辰街,2016,3,0,3
馬公市陽明里北辰街,2017,7,0,12
馬公市陽明里新營路北辰街,2014,2,0,3
馬公市陽明里新營路北辰街,2015,2,0,3
馬公市陽明里新營路北辰街,2016,1,0,2
湖西鄉城北村澎21號道,2014,4,0,5
馬公市鐵線里縣201線1公里950公尺處北向外側車道,2014,1,0,1
馬公市鐵線里縣201線1公里950公尺處北向外側車道,2015,1,0,1
馬公市鐵線里縣201線1公里950公尺處北向外側車道,2016,1,0,1
馬公市重慶里建國路,2014,1,0,1
馬公市重慶里建國路,2017,1,0,2
馬公市朝陽里光復路,2014,12,0,22
馬公市朝陽里光復路,2015,10,0,12
馬公市朝陽里光復路,2016,8,0,12
馬公市朝陽里光復路,2017,2,0,2
馬公市中興里光復路,2014,5,0,10
馬公市中興里光復路,2015,9,0,12
馬公市中興里光復路,2016,10,0,13
馬公市中興里光復路,2017,3,0,3
馬公市重慶里仁愛路重慶街,2014,2,0,3
馬公市重慶里仁愛路重慶街,2016,3,0,6
馬公市興仁里縣201線000公里050公尺處南向外側車道,2014,1,0,2
湖西鄉隘門村縣204線6公里500公尺處南向外側車道,2014,1,0,2
馬公市陽明里中華路永和街,2014,3,0,5
馬公市陽明里中華路永和街,2015,3,0,3
馬公市朝陽里中華路,2014,11,0,15
馬公市朝陽里中華路,2015,16,0,25
馬公市朝陽里中華路,2016,14,0,17
馬公市朝陽里中華路,2017,2,0,2
馬公市光復里光復路,2014,9,0,13
馬公市光復里光復路,2015,7,0,8
馬公市光復里光復路,2016,6,0,9
馬公市西文里縣203線3公里900公尺處東向外側車道,2014,1,0,1
馬公市西文里縣203線3公里900公尺處東向外側車道,2016,1,0,1
馬公市陽明里光復路北辰街,2014,2,0,3
馬公市陽明里光復路北辰街,2015,1,0,1
馬公市陽明里光復路北辰街,2016,3,0,3
馬公市烏崁里縣204線4公里400公尺處東向外側車道,2014,1,0,1
馬公市烏崁里縣204線4公里400公尺處東向外側車道,2015,1,0,1
馬公市案山里文山路,2014,3,0,4
馬公市案山里文山路,2016,1,0,2
湖西鄉紅羅村岔路,2014,1,0,1
馬公市東文里新店路,2014,14,0,21
馬公市東文里新店路,2015,14,2,18
馬公市東文里新店路,2016,5,0,7
馬公市東文里新店路,2017,3,0,4
白沙鄉後寮村縣203線18公里300公尺處東向外側車道,2014,1,0,1
馬公市朝陽里四維路,2014,3,0,5
馬公市朝陽里四維路,2015,3,0,6
馬公市朝陽里四維路,2017,1,0,2
馬公市光復里中華路,2014,8,0,9
馬公市光復里中華路,2015,2,0,2
馬公市光復里中華路,2016,5,0,6
馬公市光復里中華路,2017,1,0,1
湖西鄉許家村縣203線6公里000公尺處北向外側車道,2014,1,0,1
馬公市西文里新生路永祿街,2014,1,0,1
馬公市西文里新生路永祿街,2015,2,0,2
馬公市菜園里候車室前岔路,2014,1,0,1
馬公市西文里縣204線1公里300公尺處西向外側車道,2014,1,0,1
馬公市光華里縣204線3公里000公尺處西向外側車道,2014,2,0,3
馬公市光榮里三多路,2014,7,0,12
馬公市光榮里三多路,2015,5,0,5
馬公市光榮里三多路,2016,3,0,4
馬公市光榮里三多路,2017,3,0,3
馬公市中央里仁愛路,2014,1,0,1
馬公市中央里仁愛路,2017,1,0,2
馬公市陽明里中華路,2014,18,0,23
馬公市陽明里中華路,2015,31,0,47
馬公市陽明里中華路,2016,30,0,42
馬公市陽明里中華路,2017,11,0,17
白沙鄉中屯村縣203線9公里400公尺處南向外側車道,2014,1,0,2
馬公市朝陽里林森路46巷,2014,1,0,1
馬公市朝陽里林森路46巷,2016,1,0,3
馬公市西文里岔路,2014,16,0,22
馬公市西文里岔路,2015,7,0,8
馬公市陽明里新生路,2014,11,0,14
馬公市陽明里新生路,2015,10,0,15
馬公市陽明里新生路,2016,8,0,9
馬公市陽明里新生路,2017,4,0,8
馬公市光榮里文光路126巷,2014,2,0,3
馬公市光榮里文光路126巷,2015,1,0,3
馬公市西文里新店路永福街,2014,1,0,1
馬公市西文里新店路永福街,2015,2,0,2
馬公市西文里新店路永福街,2016,2,0,2
湖西鄉成功村縣202線1公里550公尺處北向外側車道,2014,1,0,2
馬公市西文里縣203線道路,2014,7,0,10
馬公市西文里縣203線道路,2015,8,0,11
馬公市西文里縣203線道路,2016,4,0,9
馬公市西文里縣203線道路,2017,3,0,4
馬公市中興里信義路,2014,1,0,1
馬公市中興里信義路,2015,2,0,3
馬公市中興里信義路,2016,3,0,4
馬公市中興里信義路,2017,5,0,7
馬公市中興里文化路光復路5巷,2014,1,0,2
馬公市中興里文化路光復路5巷,2016,2,0,2
湖西鄉成功村縣202線道路,2014,2,0,3
湖西鄉成功村縣202線道路,2016,1,0,2
馬公市西文里縣203線2公里500公尺處東向外側車道,2014,1,0,1
馬公市西文里縣203線2公里500公尺處東向外側車道,2015,1,0,2
馬公市西文里縣203線2公里500公尺處東向外側車道,2016,2,0,4
馬公市山水里岔路,2014,1,0,1
馬公市長安里民族路,2014,4,0,4
馬公市長安里民族路,2015,6,0,6
馬公市長安里民族路,2017,2,0,3
馬公市中興里治平路,2014,7,0,10
馬公市中興里治平路,2015,5,0,5
馬公市中興里治平路,2016,6,0,6
馬公市中興里治平路,2017,4,0,5
湖西鄉果葉村縣202線9公里500公尺處西向內側車道,2014,1,0,1
馬公市朝陽里朝陽路文林街,2014,1,0,1
馬公市朝陽里朝陽路文林街,2015,3,0,5
馬公市朝陽里朝陽路文林街,2016,1,0,1
馬公市陽明里海埔路,2014,1,0,1
馬公市陽明里海埔路,2015,4,0,5
馬公市陽明里海埔路,2017,9,0,11
馬公市重慶里三民路,2014,2,0,2
馬公市重慶里三民路,2015,1,0,1
馬公市重慶里三民路,2016,1,0,1
湖西鄉隘門村縣204線6公里600公尺處北向外側車道,2014,1,0,1
湖西鄉隘門村縣204線6公里600公尺處北向外側車道,2015,1,0,1
湖西鄉隘門村縣204線6公里600公尺處北向外側車道,2016,1,0,1
馬公市朝陽里林森路,2014,3,0,3
馬公市朝陽里林森路,2015,5,0,6
馬公市朝陽里林森路,2016,7,0,12
馬公市朝陽里林森路,2017,7,0,9
馬公市光明里文光路大勇街,2014,1,0,1
馬公市光明里文光路大勇街,2015,1,0,1
馬公市西文里文德路,2014,3,0,3
馬公市西文里文德路,2015,1,0,2
馬公市西文里文德路,2016,2,0,3
馬公市西文里文德路,2017,3,0,4
馬公市朝陽里光復路148巷,2014,1,0,1
馬公市前寮里縣205線5公里000公尺處西向外側車道,2014,1,0,1
馬公市西文里縣204線0公里300公尺處東向內側車道,2014,1,0,1
馬公市西文里縣204線0公里300公尺處東向內側車道,2016,2,0,2
馬公市石泉里縣204線道路,2014,6,0,9
馬公市石泉里縣204線道路,2015,10,0,15
馬公市石泉里縣204線道路,2016,5,0,7
馬公市西文里新生路,2014,10,0,13
馬公市西文里新生路,2015,10,0,15
馬公市西文里新生路,2016,6,0,8
馬公市西文里新生路,2017,2,0,2
西嶼鄉橫礁村縣203線23公里300公尺處南向內側車道,2014,1,0,1
西嶼鄉外垵村縣203線34公里700公尺處南向外側車道,2014,1,0,1
馬公市時裡里岔路,2014,1,0,1
馬公市西衛里145號岔路,2014,4,0,6
馬公市西衛里145號岔路,2015,1,0,1
馬公市光明里文光路126巷,2014,1,0,2
馬公市中興里民生路,2014,10,0,12
馬公市中興里民生路,2015,6,0,7
馬公市中興里民生路,2016,13,0,16
馬公市中興里民生路,2017,4,0,5
馬公市東衛里縣203線道路,2014,1,0,2
馬公市東衛里縣203線道路,2015,1,0,1
馬公市東衛里縣203線道路,2016,2,0,2
馬公市長安里中正路光武街,2014,1,0,1
白沙鄉後寮村澎8號道,2014,2,0,3
白沙鄉講美村縣203線12公里200公尺處北向外側車道,2014,1,0,1
白沙鄉講美村縣203線12公里200公尺處北向外側車道,2016,1,0,1
馬公市鎖港里540號岔路,2014,2,0,3
馬公市陽明里新明路,2014,4,0,5
馬公市陽明里新明路,2016,1,0,4
馬公市陽明里新明路,2017,1,0,1
馬公市啟明里臨海路,2014,3,0,4
馬公市啟明里臨海路,2015,1,0,1
馬公市啟明里臨海路,2016,1,0,2
馬公市啟明里臨海路,2017,1,0,2
馬公市西文里縣203線3公里450公尺處西向外側車道,2014,1,0,1
馬公市西文里縣203線3公里450公尺處西向外側車道,2015,1,0,1
湖西鄉林投村澎19號道,2014,2,0,2
湖西鄉林投村澎19號道,2017,1,0,1
白沙鄉港子村縣203線13公里800公尺處北向內側車道,2014,1,0,2
馬公市案山里96-2號岔路,2014,1,0,1
馬公市光復里民福路,2014,3,0,4
馬公市光復里民福路,2015,1,0,1
馬公市光復里民福路,2016,1,0,1
白沙鄉鎮海村縣203線道路,2014,2,0,3
馬公市東文里新營路,2014,2,0,3
馬公市西文里中華路,2014,15,0,21
馬公市西文里中華路,2015,11,0,13
馬公市西文里中華路,2016,14,1,18
馬公市西文里中華路,2017,4,0,4
馬公市東衛里縣203線4公里500公尺處南向外側車道,2014,1,0,1
馬公市東文里澎28號道文明路,2014,3,0,5
馬公市東文里澎28號道文明路,2015,1,0,1
馬公市東文里澎28號道文明路,2016,2,0,6
馬公市鐵線里岔路,2014,1,0,2
馬公市鐵線里岔路,2015,1,0,2
馬公市菜園里縣204線道路,2014,1,0,1
馬公市菜園里縣204線道路,2015,4,0,6
馬公市菜園里縣204線道路,2016,5,0,15
馬公市光榮里陽明路,2014,2,0,2
馬公市光榮里陽明路,2015,2,0,2
馬公市光榮里陽明路,2016,7,0,11
馬公市光榮里陽明路,2017,1,0,1
馬公市光榮里三多路成功街,2014,1,0,1
馬公市光榮里三多路成功街,2015,1,0,1
馬公市光榮里三多路成功街,2016,2,0,3
馬公市光復里三民路,2014,1,0,2
馬公市光復里三民路,2015,1,0,1
馬公市光復里三民路,2016,5,0,6
馬公市朝陽里朝陽路,2014,2,0,3
馬公市朝陽里朝陽路,2015,8,0,11
馬公市朝陽里朝陽路,2016,11,0,15
馬公市朝陽里朝陽路,2017,4,0,6
西嶼鄉大池村岔路,2014,1,0,1
馬公市陽明里中華路大仁街,2014,4,0,5
馬公市陽明里中華路大仁街,2015,7,0,12
馬公市陽明里中華路大仁街,2016,3,0,5
馬公市西文里新店路永祿街,2014,1,0,1
馬公市西文里新店路永祿街,2015,1,0,1
馬公市陽明里新店路,2014,6,0,9
馬公市陽明里新店路,2015,3,1,3
馬公市陽明里新店路,2016,4,0,5
馬公市陽明里新店路,2017,1,0,1
馬公市朝陽里朝陽路54巷,2014,2,0,2
馬公市西文里新生路永福街,2014,2,0,2
馬公市西文里新生路永福街,2015,2,0,3
馬公市西文里新生路永福街,2016,4,0,7
馬公市朝陽里中華路325巷,2014,2,0,2
馬公市朝陽里中華路325巷,2016,2,0,2
馬公市朝陽里中華路325巷,2017,4,0,7
白沙鄉赤崁村縣203線16公里400公尺處西向外側車道,2014,1,0,1
馬公市烏崁里岔路,2014,2,0,3
白沙鄉赤崁村232號岔路,2014,1,0,1
馬公市案山里文德路,2014,3,0,6
馬公市案山里文德路,2015,2,0,3
馬公市案山里文德路,2016,2,0,3
馬公市中央里民族路,2014,1,0,1
馬公市中央里民族路,2015,1,0,2
馬公市中央里民族路,2016,1,0,1
馬公市中央里民族路,2017,1,0,1
馬公市中興里民族路,2014,3,0,5
馬公市中興里民族路,2015,4,0,4
馬公市中興里民族路,2016,5,0,9
馬公市中興里民族路,2017,1,0,2
馬公市東文里民裕街21巷,2014,1,0,1
馬公市五德里縣201線4公里650公尺處北向外側車道,2014,1,0,1
馬公市光榮里三多路自強街,2014,1,0,1
馬公市石泉里岔路,2014,7,0,15
馬公市石泉里岔路,2015,2,0,3
馬公市西衛里林森路,2014,1,0,2
馬公市西衛里林森路,2015,1,0,1
馬公市西衛里林森路,2016,1,0,2
馬公市西衛里林森路,2017,1,0,1
馬公市陽明里陽明路文林街,2014,2,0,4
馬公市陽明里陽明路文林街,2015,2,0,4
馬公市朝陽里朝陽路文昌街,2014,4,0,8
馬公市朝陽里朝陽路文昌街,2015,6,0,7
馬公市朝陽里朝陽路文昌街,2016,6,0,10
馬公市西文里縣203線3公里00公尺處西向外側車道,2014,1,0,1
馬公市西文里縣203線3公里00公尺處西向外側車道,2016,1,0,1
湖西鄉許家村縣203線6公里300公尺處北向中外車道,2014,1,0,3
馬公市安宅里縣203線4公里900公尺處北向外側車道,2014,1,0,1
馬公市鎖港里澎25號道,2014,4,0,5
馬公市鎖港里澎25號道,2015,2,0,3
馬公市鎖港里澎25號道,2016,2,0,2
馬公市朝陽里三多路文昌街,2014,4,0,6
馬公市朝陽里三多路文昌街,2015,2,0,4
馬公市朝陽里三多路文昌街,2016,2,0,2
馬公市光明里陽明路,2014,1,0,1
馬公市光明里陽明路,2015,1,0,1
馬公市光明里陽明路,2016,3,0,5
馬公市西文里新營路,2014,2,0,4
馬公市西文里新營路,2015,4,0,5
馬公市西文里新營路,2016,2,0,3
馬公市西文里新營路,2017,3,0,3
西嶼鄉竹灣村縣203線26公里300公尺處南向外側車道,2014,1,0,1
馬公市啟明里中山路,2014,6,0,8
馬公市啟明里中山路,2015,1,0,1
馬公市啟明里中山路,2016,1,0,2
馬公市啟明里中山路,2017,1,0,1
馬公市興仁里縣201線0公里800公尺處北向外側車道,2014,1,0,1
馬公市興仁里縣201線0公里800公尺處北向外側車道,2016,1,0,4
西嶼鄉橫礁村縣203線23公里400公尺處北向中內車道,2014,1,0,2
馬公市光明里自立路,2014,2,0,3
馬公市光明里自立路,2015,2,0,3
馬公市光明里自立路,2017,5,0,6
馬公市菜園里縣205線7公里500公尺處東向外側車道,2014,1,0,1
白沙鄉赤崁村縣203線16公里900公尺處東向外側車道,2014,2,0,4
馬公市中興里樹德路文康街,2014,1,0,1
湖西鄉成功村縣202線2公里200公尺處東向內側車道,2014,1,0,1
馬公市朝陽里中華路文昌街,2014,5,0,8
馬公市朝陽里中華路文昌街,2015,2,0,3
西嶼鄉小門村澎2號道,2014,1,0,2
西嶼鄉小門村澎2號道,2016,1,0,2
馬公市光華里縣204線2公里600公尺處東向內側車道,2014,2,0,2
馬公市陽明里新營路,2014,4,0,6
馬公市陽明里新營路,2015,8,0,12
馬公市陽明里新營路,2016,3,0,3
馬公市陽明里新營路,2017,6,0,8
馬公市安宅里縣203線4公里600公尺處北向外側車道,2014,1,0,1
馬公市西衛里六合路,2014,3,0,5
馬公市西衛里六合路,2015,4,0,5
馬公市西衛里六合路,2016,4,0,7
馬公市西衛里六合路,2017,3,0,3
湖西鄉湖西村縣202線道路,2014,2,0,5
湖西鄉湖西村縣202線道路,2015,1,0,1
馬公市中興里樹德路,2014,2,0,2
馬公市中興里樹德路,2015,5,0,12
馬公市中興里樹德路,2016,5,0,7
馬公市中興里樹德路,2017,4,0,5
馬公市西文里縣204線道路,2014,4,0,5
馬公市西文里縣204線道路,2015,9,0,11
馬公市西文里縣204線道路,2016,5,0,8
馬公市西文里縣204線道路,2017,3,0,5
七美鄉西湖村澎42號道,2014,1,0,2
湖西鄉白坑村澎13號道,2014,2,0,3
湖西鄉白坑村澎13號道,2015,2,0,2
馬公市陽明里中華路大智街,2014,4,0,5
馬公市陽明里中華路大智街,2016,1,0,1
馬公市東衛里縣203線3公里800公尺處東向外側車道,2014,1,0,4
馬公市西衛里光復路,2014,4,0,4
馬公市西衛里光復路,2015,5,0,6
馬公市西衛里光復路,2016,8,0,9
馬公市西衛里光復路,2017,3,0,6
馬公市山水里55-70號岔路,2014,1,0,2
湖西鄉林投村縣204線7公里900公尺處東向內側車道,2014,1,0,1
馬公市西衛里三多路,2014,2,0,3
馬公市西衛里三多路,2017,2,0,5
馬公市東文里文明路117巷,2014,1,0,2
湖西鄉西溪村縣202線5公里000公尺處西向外側車道,2014,1,0,2
湖西鄉沙港村澎11號道,2014,1,0,1
白沙鄉後寮村縣203線18公里100公尺處東向外側車道,2014,1,0,2
馬公市時裡里縣201線7公里800公尺處南向外側車道,2014,1,0,1
湖西鄉隘門村縣204線5公里800公尺處南向外側車道,2014,1,0,1
湖西鄉龍門村縣202線12公里000公尺處北向外側車道,2014,1,0,1
馬公市安宅里縣203線4公里450公尺處北向外側車道,2014,1,0,1
馬公市重慶里光明路重慶街,2014,1,0,1
馬公市重慶里光明路重慶街,2015,1,0,4
馬公市重慶里光明路重慶街,2016,1,0,1
馬公市光榮里文光路,2014,2,0,2
馬公市光榮里文光路,2015,6,0,7
馬公市光榮里文光路,2016,8,0,12
馬公市光榮里文光路,2017,5,0,6
馬公市西文里縣204線0公里300公尺處東向外側車道,2014,1,0,2
馬公市西文里縣204線0公里300公尺處東向外側車道,2015,2,0,4
馬公市啟明里仁愛路,2014,3,0,3
馬公市啟明里仁愛路,2015,1,0,1
馬公市啟明里仁愛路,2016,3,0,4
白沙鄉通梁村縣203線21公里500公尺處北向內側車道,2014,1,0,2
馬公市陽明里同和路北辰街,2014,1,0,1
馬公市陽明里同和路北辰街,2015,1,0,1
馬公市陽明里同和路北辰街,2016,1,0,3
馬公市光華里縣204線2公里800公尺處西向外側車道,2014,1,0,1
馬公市光華里縣204線2公里800公尺處西向外側車道,2016,1,0,1
西嶼鄉竹灣村縣203線25公里600公尺處東向外側車道,2014,1,0,2
馬公市西文里新營路永福街,2014,1,0,1
馬公市西文里新營路永福街,2015,2,0,4
馬公市西文里新營路永福街,2016,1,0,4
馬公市安宅里縣203線4公里450公尺處南向外側車道,2014,1,0,2
馬公市陽明里光復路永安街(口)15巷,2014,1,0,1
馬公市朝陽里文昌街8巷,2014,1,0,1
白沙鄉港子村縣203線14公里100公尺處南向外側車道,2014,1,0,2
西嶼鄉合界村岔路,2014,1,0,1
馬公市西文里縣203線2公里600公尺處東向外側車道,2014,1,0,1
馬公市朝陽里朝陽路46巷,2014,1,0,1
馬公市安宅里縣203線5公里300公尺處南向內側車道,2014,1,0,4
馬公市光華里岔路,2014,3,0,4
馬公市光華里岔路,2015,2,0,2
馬公市陽明里海埔路北辰街,2014,3,0,4
馬公市陽明里海埔路北辰街,2015,2,0,4
西嶼鄉竹灣村縣203線27公里000公尺處北向外側車道,2014,1,0,1
馬公市陽明里大勇街,2014,4,0,5
馬公市陽明里大勇街,2015,2,0,2
馬公市陽明里大勇街,2016,4,0,4
馬公市陽明里大勇街,2017,2,0,3
馬公市西文里縣204線0公里550公尺處西向外側車道,2014,1,0,1
馬公市西文里縣204線0公里550公尺處西向外側車道,2015,1,0,1
馬公市西文里縣204線0公里550公尺處西向外側車道,2016,1,0,1
西嶼鄉竹灣村澎3號道,2014,1,0,2
馬公市陽明里中華路北辰街,2014,3,0,4
馬公市陽明里中華路北辰街,2015,2,0,3
馬公市陽明里中華路北辰街,2016,3,0,5
馬公市時裡里縣201線6公里700公尺處西向外側車道,2014,1,0,4
白沙鄉赤崁村縣203線15公里600公尺處北向外側車道,2014,1,0,2
馬公市鎖港里縣201線道路,2014,3,0,5
馬公市鎖港里縣201線道路,2015,3,0,5
馬公市鎖港里縣201線道路,2016,1,0,1
馬公市光華里縣204線2公里600公尺處東向外側車道,2014,1,0,1
馬公市光華里縣204線2公里600公尺處東向外側車道,2016,1,0,3
馬公市西文里文學路文前街,2014,2,0,2
馬公市西文里文學路文前街,2015,2,0,3
馬公市西文里文學路文前街,2016,2,0,5
馬公市啟明里惠民路重慶街,2014,2,0,4
馬公市啟明里惠民路重慶街,2015,2,0,3
馬公市啟明里惠民路重慶街,2016,1,0,1
馬公市光明里信義路,2014,3,0,4
馬公市光明里信義路,2015,3,0,5
馬公市光明里信義路,2016,2,0,4
馬公市光明里信義路,2017,2,0,3
馬公市時裡里縣201線8公里000公尺處東向外側車道,2014,1,0,4
馬公市烏崁里縣204線道路,2014,1,0,1
馬公市光榮里朝陽路光榮街,2014,1,0,2
馬公市光榮里朝陽路光榮街,2016,1,0,1
西嶼鄉池東村澎5號道,2014,1,0,1
馬公市光復里光復路5巷,2014,1,0,1
白沙鄉中屯村縣203線8公里900公尺處南向外側車道,2014,1,0,2
白沙鄉中屯村縣203線900公里500公尺處東向外側車道,2014,1,0,2
馬公市光復里興港北街,2014,1,0,1
馬公市光復里興港北街,2015,2,0,2
馬公市光復里興港北街,2017,1,0,1
馬公市西衛里四維路,2014,3,0,8
馬公市西衛里四維路,2015,2,0,3
馬公市西衛里四維路,2016,6,0,8
馬公市西衛里四維路,2017,5,0,7
馬公市光復里漁隆路,2014,1,0,3
馬公市光復里漁隆路,2015,2,0,2
馬公市石泉里縣204線1公里900公尺處西向外側車道,2014,3,0,4
馬公市石泉里縣204線1公里900公尺處西向外側車道,2015,1,0,1
馬公市石泉里縣204線1公里900公尺處西向外側車道,2016,1,0,1
白沙鄉通梁村縣203線20公里400公尺處北向外側車道,2014,1,0,2
馬公市鎖港里縣201線2公里900公尺處北向外側車道,2014,1,0,1
馬公市長安里建國路,2014,2,0,3
馬公市長安里建國路,2015,1,0,1
馬公市長安里建國路,2016,1,0,1
馬公市西文里縣203線2公里700公尺處西向外側車道,2014,2,0,2
馬公市西文里縣203線2公里700公尺處西向外側車道,2015,1,0,1
馬公市西文里縣203線2公里700公尺處西向外側車道,2016,2,0,2
湖西鄉中西村縣203線8公里200公尺處南向外側車道,2014,1,0,2
湖西鄉中西村縣203線8公里200公尺處南向外側車道,2016,1,0,3
馬公市西文里新店路,2014,4,0,4
馬公市西文里新店路,2015,9,0,11
馬公市西文里新店路,2016,2,0,2
馬公市西文里新店路,2017,2,0,4
馬公市石泉里縣204線1公里920公尺處東向外側車道,2014,1,0,1
馬公市西文里縣204線0公里300公尺處西向外側車道,2014,1,0,2
馬公市西文里縣204線0公里300公尺處西向外側車道,2015,1,0,1
馬公市西文里縣204線0公里300公尺處西向外側車道,2016,3,0,3
馬公市陽明里新生路永泰街,2014,1,0,2
馬公市陽明里新生路永泰街,2016,3,0,5
湖西鄉湖西村縣202線7公里400公尺處東向內側車道,2014,1,0,1
馬公市西文里新明路,2014,2,0,2
馬公市西文里新明路,2015,1,0,2
馬公市西文里新明路,2016,1,0,1
馬公市西文里新明路,2017,1,0,1
湖西鄉南寮村縣202線8公里560公尺處西向內側車道,2014,1,0,1
白沙鄉後寮村澎8-1道,2014,1,0,2
馬公市西衛里2號岔路,2014,1,0,2
馬公市朝陽里六合路,2014,2,0,2
馬公市朝陽里六合路,2015,10,0,13
馬公市朝陽里六合路,2016,11,0,15
馬公市朝陽里六合路,2017,8,0,10
馬公市光華里縣204線2公里500公尺處西向外側車道,2014,1,0,1
馬公市陽明里光復路大勇街,2014,2,0,3
馬公市陽明里光復路大勇街,2015,2,0,4
馬公市陽明里光復路大勇街,2016,1,0,2
湖西鄉成功村縣202線2公里600公尺處北向外側車道,2014,1,0,1
湖西鄉成功村縣202線2公里600公尺處北向外側車道,2015,1,0,1
馬公市光榮里光復路,2014,3,0,4
馬公市光榮里光復路,2015,1,0,2
馬公市光榮里光復路,2016,4,0,9
馬公市光榮里光復路,2017,2,0,3
湖西鄉許家村往東石550公尺處產業道路,2014,1,0,2
馬公市東衛里縣202線道路,2014,4,0,6
馬公市東衛里縣202線道路,2015,6,0,7
馬公市東衛里縣202線道路,2016,2,0,2
馬公市東衛里縣202線道路,2017,1,0,1
馬公市鎖港里387-3號岔路,2014,1,0,3
馬公市鎖港里387-3號岔路,2015,1,0,1
馬公市光復里海埔路,2014,3,0,4
馬公市光復里海埔路,2015,5,0,7
馬公市光復里海埔路,2016,4,0,5
馬公市光復里海埔路,2017,2,0,2
湖西鄉龍門村縣202線11公里600公尺處西向外側車道,2014,1,0,2
馬公市西文里縣203線3公里600公尺處東向外側車道,2014,1,0,1
馬公市興仁里縣201線0公里400公尺處北向外側車道,2014,2,0,2
馬公市興仁里縣201線0公里400公尺處北向外側車道,2015,3,0,5
望安鄉中社村往天台山80公尺處(附近)澎34號道,2014,1,0,3
馬公市五德里41-2號前500公尺處產業道路,2014,1,0,2
馬公市長安里中興路,2014,2,0,2
馬公市長安里中興路,2016,2,0,2
馬公市長安里中興路,2017,4,0,4
馬公市安宅里縣203線4公里950公尺處北向外側車道,2014,1,0,2
白沙鄉港子村縣203線14公里000公尺處南向外側車道,2014,2,0,5
白沙鄉赤崁村縣203線16公里500公尺處西向外側車道,2014,1,0,2
馬公市東衛里澎21號道,2014,1,0,1
白沙鄉赤崁村縣203線道路,2014,1,0,1
白沙鄉赤崁村縣203線道路,2015,1,0,2
馬公市安宅里縣203線5公里200公尺處南向外側車道,2014,1,0,1
湖西鄉鼎灣村縣203線道路,2014,1,0,1
湖西鄉鼎灣村縣203線道路,2015,2,0,4
湖西鄉鼎灣村縣203線道路,2016,4,0,5
馬公市重慶里中興路,2014,2,0,2
西嶼鄉竹灣村往大池村道路,2014,1,0,1
湖西鄉鼎灣村縣203線6公里980公尺處南向外側車道,2014,1,0,2
西嶼鄉橫礁村縣203線22公里250公尺處南向外側車道,2014,1,0,2
白沙鄉赤崁村縣203線16公里600公尺處西向外側車道,2014,1,0,2
西嶼鄉竹灣村縣203線24公里950公尺處東向外側車道,2014,1,0,2
馬公市前寮里岔路,2014,1,0,1
馬公市安宅里縣203線5公里300公尺處北向內側車道,2014,1,0,2
馬公市安宅里縣203線5公里300公尺處北向內側車道,2016,1,0,3
馬公市光復里海埔路興港北街,2014,1,0,2
馬公市光復里海埔路興港北街,2015,1,0,1
白沙鄉赤崁村漁港新村46號旁岔路,2014,1,0,1
馬公市菜園里6-2號岔路,2014,1,0,1
湖西鄉鼎灣村縣203線6公里900公尺處北向外側車道,2014,2,0,4
馬公市鎖港里澎26號道,2014,1,0,1
馬公市鎖港里澎26號道,2015,3,0,7
馬公市鎖港里澎26號道,2016,1,0,2
馬公市鎖港里澎26號道,2017,4,0,5
馬公市光明里忠孝路,2014,1,0,2
馬公市光明里忠孝路,2017,5,0,7
馬公市東衛里縣202線0公里100公尺處東向內側車道,2014,1,0,1
西嶼鄉橫礁村岔路,2014,2,0,3
湖西鄉林投村16號岔路,2014,1,0,1
湖西鄉林投村岔路,2014,2,0,4
湖西鄉林投村岔路,2015,1,0,1
馬公市石泉里澎23號道,2014,3,0,4
馬公市石泉里澎23號道,2015,1,0,1
馬公市石泉里澎23號道,2016,1,0,3
馬公市石泉里澎23號道,2017,4,0,6
白沙鄉赤崁村38號旁岔路,2014,1,0,2
馬公市光華里縣204線道路,2014,1,0,2
馬公市光華里縣204線道路,2016,1,0,2
馬公市陽明里光復路,2014,1,0,2
馬公市陽明里光復路,2015,2,0,2
馬公市陽明里光復路,2016,5,0,5
馬公市陽明里光復路,2017,2,0,2
白沙鄉赤崁村縣203線15公里700公尺處北向外側車道,2014,2,0,4
馬公市重慶里民福路,2014,3,0,4
馬公市重慶里民福路,2015,3,0,3
馬公市重慶里民福路,2016,4,0,6
馬公市重慶里民福路,2017,3,0,4
馬公市朝陽里三多路文林街,2014,1,0,1
馬公市朝陽里三多路文林街,2015,3,0,4
馬公市朝陽里三多路文林街,2016,2,0,3
白沙鄉赤崁村縣203線16公里700公尺處東向外側車道,2014,1,0,2
馬公市東文里民富街,2014,1,0,2
馬公市東文里民富街,2015,2,0,3
馬公市東文里民富街,2016,2,0,3
馬公市東文里民富街,2017,1,0,1
白沙鄉後寮村縣203線19公里150公尺處西向外側車道,2014,1,0,3
馬公市西文里縣203線2公里500公尺處西向外側車道,2014,1,0,2
馬公市西文里縣203線2公里500公尺處西向外側車道,2016,1,0,2
馬公市啟明里仁愛路重慶街,2014,1,0,2
馬公市啟明里仁愛路重慶街,2015,4,0,5
馬公市啟明里仁愛路重慶街,2016,1,0,1
馬公市西文里文學路,2014,4,0,6
馬公市西文里文學路,2015,4,0,5
馬公市西文里文學路,2016,2,0,2
馬公市西文里文學路,2017,7,0,10
馬公市鎖港里315之3號岔路,2014,1,0,2
馬公市東衛里縣202線0公里900公尺處東向外側車道,2014,1,0,1
馬公市興仁里縣204線4公里400公尺處東向外側車道,2014,1,0,4
湖西鄉沙港村61號岔路,2014,1,0,2
西嶼鄉橫礁村縣203線23公里700公尺處北向外側車道,2014,1,0,1
湖西鄉湖西村澎15號道,2014,1,0,2
馬公市長安里仁愛路,2014,1,0,1
馬公市長安里仁愛路,2015,1,0,1
馬公市長安里仁愛路,2017,2,0,2
馬公市中興里中正路,2014,2,0,3
馬公市中興里中正路,2015,5,0,9
馬公市中興里中正路,2016,1,0,2
馬公市重慶里民生路,2014,3,0,3
馬公市重慶里民生路,2015,5,0,11
馬公市重慶里民生路,2016,4,0,4
馬公市陽明里陽明路,2014,2,0,3
馬公市陽明里陽明路,2015,1,0,1
馬公市陽明里陽明路,2016,4,0,10
馬公市陽明里陽明路,2017,10,0,11
馬公市安宅里縣203線5公里200公尺處北向外側車道,2014,1,0,1
馬公市安宅里縣203線5公里200公尺處北向外側車道,2016,1,0,2
馬公市鐵線里縣201線1公里000公尺處南向外側車道,2014,1,0,2
馬公市風櫃里縣201線9公里800公尺處西向外側車道,2014,1,0,4
白沙鄉赤崁村縣203線15公里350公尺處南向外側車道,2014,1,0,2
馬公市東文里縣204線1公里200公尺處東向外側車道,2014,1,0,1
馬公市東文里縣204線1公里200公尺處東向外側車道,2016,2,0,4
馬公市陽明里中華路大勇街,2014,2,0,3
馬公市陽明里中華路大勇街,2015,4,0,5
馬公市陽明里中華路大勇街,2016,3,0,5
馬公市西文里縣204線0公里700公尺處西向內側車道,2014,1,0,3
馬公市西文里縣204線0公里700公尺處西向內側車道,2016,1,0,1
白沙鄉講美村縣203線10公里900公尺處南向外側車道,2014,2,0,2
白沙鄉講美村縣203線10公里900公尺處南向外側車道,2016,1,0,2
白沙鄉赤崁村46號岔路,2014,2,0,6
西嶼鄉橫礁村31-6號旁道路,2014,1,0,3
白沙鄉後寮村縣203線19公里400公尺處東向外側車道,2014,1,0,1
馬公市山水里澎26號道,2014,1,0,2
馬公市山水里澎26號道,2015,4,0,6
白沙鄉通梁村縣203線19公里800公尺處西向內側車道,2014,1,0,3
馬公市案山里縣205線4公里100公尺處北向外側車道,2014,1,0,1
馬公市西文里縣203線3公里000公尺處西向內側車道,2014,1,0,1
湖西鄉湖東村岔路,2014,1,0,1
馬公市東文里9-65號岔路,2014,1,0,1
馬公市興仁里縣201線道路,2014,2,0,4
馬公市興仁里縣201線道路,2015,1,0,2
馬公市興仁里縣201線道路,2017,1,0,2
馬公市陽明里新明路永泰街,2014,3,0,4
馬公市陽明里新明路永泰街,2015,1,0,1
馬公市西文里縣203線4公里400公尺處西向內側車道,2014,1,0,1
馬公市朝陽里朝陽路183巷,2014,2,0,4
馬公市五德里縣201線3公里900公尺處東向外側車道,2014,1,0,3
馬公市五德里縣201線3公里900公尺處東向外側車道,2016,1,0,1
馬公市復興里介壽路,2014,1,0,1
馬公市復興里介壽路,2017,1,0,1
湖西鄉湖東村縣202線7公里800公尺處東向外側車道,2014,1,0,3
湖西鄉許家村縣203線6公里100公尺處北向外側車道,2014,1,0,4
湖西鄉許家村縣203線6公里100公尺處北向外側車道,2015,1,0,2
西嶼鄉竹灣村竹灣259號路,2014,1,0,1
馬公市興仁里縣201線1公里300公尺處南向外側車道,2014,1,0,1
馬公市西文里縣203線3公里100公尺處西向外側車道,2014,1,0,2
馬公市西文里9-65號岔路,2014,1,0,1
馬公市西文里縣203線3公里600公尺處西向外側車道,2014,1,0,1
湖西鄉湖西村縣202線7公里700公尺處西向外側車道,2014,1,0,3
馬公市光明里明遠路,2014,2,0,2
馬公市光明里明遠路,2015,2,0,2
馬公市光明里明遠路,2016,1,0,1
馬公市光明里明遠路,2017,1,0,1
馬公市西文里新營路永壽街,2014,1,0,1
馬公市西文里新營路永壽街,2016,1,0,1
望安鄉東安村4-3號(望安郵局)北側岔路,2014,1,0,4
白沙鄉瓦硐村澎8號道,2014,3,0,3
白沙鄉瓦硐村澎8號道,2015,1,0,1
馬公市光榮里四維路,2014,1,0,2
馬公市光榮里四維路,2015,1,0,2
馬公市光榮里四維路,2016,2,0,3
馬公市光榮里四維路,2017,1,0,1
湖西鄉西溪村澎13號道,2014,1,0,1
湖西鄉西溪村澎13號道,2017,1,0,1
馬公市西文里縣203線3公里200公尺處西向外側車道,2014,1,0,1
馬公市東文里大賢街,2014,1,0,3
馬公市東文里大賢街,2015,1,0,1
馬公市東文里大賢街,2017,1,0,1
七美鄉東湖村牛母坪觀景台前道路,2014,1,0,2
馬公市西文里新明路永壽街,2014,1,0,1
馬公市西文里新明路永壽街,2016,2,0,5
白沙鄉中屯村縣203線9公里500公尺處南向外側車道,2014,1,0,2
馬公市東文里文山路,2014,1,0,2
馬公市東文里文山路,2016,1,0,1
馬公市東文里文山路,2017,4,0,5
白沙鄉赤崁村縣203線15公里200公尺處南向外側車道,2014,1,0,2
西嶼鄉竹灣村縣203線25公里800公尺處東向外側車道,2014,1,0,1
馬公市東文里179-100號後方道路,2014,1,0,1
湖西鄉湖西村縣202線6公里950公尺處東向內側車道,2014,1,0,1
白沙鄉通梁村縣203線20公里600公尺處北向外側車道,2014,1,0,2
湖西鄉林投村縣204線7公里600公尺處東向外側車道,2014,1,0,1
湖西鄉許家村縣203線6公里900公尺處南向外側車道,2014,1,0,1
馬公市朝陽里三多路184巷,2014,1,0,2
馬公市朝陽里三多路184巷,2016,1,0,1
馬公市重慶里仁愛路,2014,1,0,1
馬公市重慶里仁愛路,2016,1,0,2
馬公市重慶里仁愛路,2017,2,0,4
馬公市東文里縣204線道路,2014,1,0,1
馬公市時裡里縣201線6公里000公尺處東向外側車道,2014,1,0,1
馬公市時裡里縣201線6公里000公尺處東向外側車道,2016,1,0,2
馬公市安宅里縣203線5公里600公尺處南向外側車道,2014,1,0,2
馬公市西文里縣203線3公里000公尺處西向外側車道,2014,1,0,2
馬公市鐵線里縣201線1公里900公尺處北向外側車道,2014,1,0,1
馬公市鐵線里縣201線1公里900公尺處北向外側車道,2016,1,0,1
馬公市陽明里新生路北辰街,2014,1,0,1
馬公市陽明里新生路北辰街,2015,1,0,1
馬公市陽明里新生路北辰街,2016,3,0,4
湖西鄉林投村縣204線8公里200公尺處西向外側車道,2014,1,0,2
馬公市重光里四維路敬業街,2014,1,0,1
馬公市興仁里縣201線1公里200公尺處南向外側車道,2014,1,0,3
馬公市啟明里中正路,2014,1,0,1
馬公市啟明里中正路,2015,3,0,5
馬公市啟明里中正路,2016,3,0,4
馬公市石泉里縣204線2公里000公尺處西向外側車道,2014,1,0,1
白沙鄉通梁村縣203線20公里700公尺處北向外側車道,2014,1,0,2
馬公市光復里海埔路41巷,2014,1,0,1
馬公市光復里新村路,2014,1,0,2
馬公市光復里新村路,2017,4,0,4
湖西鄉潭邊村縣203線7公里600公尺處南向外側車道,2014,1,0,2
馬公市菜園里往生命紀念公園道路,2014,1,0,2
馬公市風櫃里縣201線9公里300公尺處西向外側車道,2014,1,0,4
馬公市東文里岔路,2014,3,0,3
馬公市東文里岔路,2015,2,0,3
馬公市陽明里新店路永順街,2014,2,0,3
馬公市陽明里中華路325巷,2014,2,0,2
馬公市陽明里中華路325巷,2017,2,0,2
馬公市石泉里澎28號道,2014,1,0,1
湖西鄉隘門村岔路,2014,3,0,5
西嶼鄉合界村縣203線24公里400公尺處西向外側車道,2014,1,0,1
西嶼鄉橫礁村縣203線22公里800公尺處北向中內車道,2014,1,0,1
西嶼鄉外垵村澎6號道,2014,1,0,2
西嶼鄉二崁村二崁古厝後方道路,2014,1,0,2
湖西鄉成功村縣202線2公里000公尺處西向內側車道,2014,1,0,1
馬公市興仁里岔路,2014,1,0,5
馬公市興仁里岔路,2015,1,0,2
馬公市安宅里縣203線4公里800公尺處南向外側車道,2014,1,0,2
馬公市時裡里縣201線5公里800公尺處東向外側車道,2014,1,0,1
西嶼鄉二崁村52號旁村道,2014,1,0,2
七美鄉南港村4鄰5號南側30公尺處岔路,2014,1,0,2
馬公市東衛里縣202線0公里100公尺處東向外側車道,2014,2,0,3
馬公市朝陽里朝陽路41巷,2014,1,0,3
馬公市朝陽里朝陽路41巷,2017,2,0,2
馬公市西文里縣204線0公里950公尺處東向外側車道,2014,1,0,2
馬公市重慶里重慶街,2014,1,0,1
馬公市重慶里重慶街,2016,1,0,1
馬公市重慶里重慶街,2017,3,0,4
馬公市安宅里縣203線5公里300公尺處南向外側車道,2014,1,0,2
馬公市安宅里縣203線5公里300公尺處南向外側車道,2015,2,0,2
馬公市陽明里新營路永泰街,2014,1,0,1
馬公市烏崁里縣204線5公里300公尺處南向外側車道,2014,1,0,1
西嶼鄉池東村縣203線29公里200公尺處南向內側車道,2014,1,0,1
馬公市五德里縣201線3公里700公尺處西向外側車道,2014,1,0,1
馬公市五德里縣201線3公里700公尺處西向外側車道,2015,1,0,1
馬公市東文里文山路142巷,2014,1,0,1
湖西鄉西溪村縣202線4公里700公尺處東向外側車道,2014,1,0,1
西嶼鄉池東村縣203線30公里600公尺處北向外側車道,2014,1,0,2
馬公市風櫃里縣201線9公里760公尺處西向外側車道,2014,1,0,2
湖西鄉成功村縣202線2公里850公尺處南向外側車道,2014,1,0,3
馬公市鐵線里縣201線2公里300公尺處北向外側車道,2014,1,0,1
馬公市安宅里往東石村之道路,2014,1,0,1
白沙鄉通梁村縣203線20公里200公尺處西向外側車道,2014,1,0,2
湖西鄉西溪村縣202線4公里050公尺處南向內側車道,2014,1,0,1
馬公市鎖港里縣201線3公里500公尺處西向外側車道,2014,1,0,2
馬公市西衛里五福路,2014,2,0,4
馬公市西衛里五福路,2015,2,0,3
馬公市西衛里五福路,2016,2,0,3
馬公市西衛里五福路,2017,3,0,5
西嶼鄉外垵村縣203線34公里000公尺處南向外側車道,2014,1,0,1
湖西鄉隘門村縣204線5公里200公尺處北向外側車道,2014,1,0,2
馬公市光榮里民族路,2014,1,0,1
馬公市光榮里民族路,2015,3,0,6
馬公市光榮里民族路,2016,5,0,6
馬公市重慶里海埔路,2014,1,0,1
馬公市重慶里海埔路,2017,1,0,1
馬公市石泉里縣204線1公里900公尺處西向內側車道,2014,1,0,1
馬公市石泉里縣204線1公里900公尺處西向內側車道,2015,1,0,3
馬公市西文里縣204線0公里800公尺處西向外側車道,2014,1,0,3
湖西鄉東石村澎11號道,2014,1,0,1
馬公市朝陽里朝陽路76巷,2014,2,0,4
馬公市東文里新店路516巷,2014,1,0,2
湖西鄉湖東村澎15號道,2014,1,0,1
湖西鄉許家村縣203線6公里500公尺處北向內側車道,2014,1,0,1
湖西鄉許家村縣203線6公里500公尺處北向內側車道,2016,1,0,2
馬公市興仁里縣201線0公里300公尺處北向外側車道,2014,1,0,1
馬公市興仁里縣201線0公里300公尺處北向外側車道,2015,1,0,1
馬公市西文里中華路325巷,2014,1,0,1
馬公市西文里新生路永壽街,2014,1,0,1
馬公市西文里新生路永壽街,2016,1,0,2
湖西鄉尖山村岔路,2014,1,0,1
馬公市烏崁里縣204線5公里400公尺處東向外側車道,2014,1,0,1
西嶼鄉竹灣村縣203線27公里200公尺處南向外側車道,2014,1,0,2
馬公市鐵線里縣201線2公里300公尺處南向外側車道,2014,1,0,2
馬公市興仁里縣204線4公里000公尺處西向內側車道,2014,1,0,1
湖西鄉龍門村澎15號道,2014,1,0,1
馬公市西衛里坡南30號旁道路,2014,1,0,1
湖西鄉隘門村縣204線6公里900公尺處南向內側車道,2014,1,0,3
湖西鄉隘門村縣204線6公里900公尺處南向內側車道,2016,1,0,1
白沙鄉後寮村縣203線道路,2014,1,0,2
湖西鄉成功村縣202線3公里100公尺處東向外側車道,2014,1,0,1
白沙鄉講美村縣203線12公里200公尺處北向一般車道,2014,1,0,1
馬公市陽明里水源路,2014,1,0,1
馬公市陽明里水源路,2015,4,0,5
馬公市陽明里水源路,2016,3,0,5
馬公市陽明里水源路,2017,11,0,12
馬公市東衛里縣203線4公里200公尺處南向外側車道,2014,1,0,1
馬公市東衛里縣203線4公里200公尺處南向外側車道,2016,1,0,1
馬公市鎖港里506號岔路,2014,1,0,1
馬公市鎖港里506號岔路,2015,1,0,1
馬公市石泉里縣204線1公里600公尺處西向外側車道,2014,1,0,2
馬公市石泉里縣204線1公里600公尺處西向外側車道,2015,2,0,3
湖西鄉果葉村岔路,2014,1,0,4
湖西鄉果葉村岔路,2015,1,0,1
馬公市鎖港里縣201線2公里700公尺處北向外側車道,2014,1,0,2
湖西鄉中西村岔路,2014,1,0,1
馬公市東衛里縣203線4公里300公尺處北向外側車道,2014,1,0,1
馬公市烏崁里38-1號岔路,2014,1,0,1
馬公市東衛里岔路,2014,1,0,1
馬公市東衛里岔路,2015,2,0,4
馬公市西文里縣203線3公里550公尺處西向內側車道,2014,1,0,1
馬公市東衛里縣202線0公里300公尺處東向外側車道,2014,1,0,1
馬公市東衛里縣202線0公里300公尺處東向外側車道,2016,1,0,2
湖西鄉沙港村91-1號岔路,2014,1,0,2
馬公市安宅里縣203線4公里700公尺處南向外側車道,2014,1,0,1
湖西鄉林投村縣204線7公里600公尺處西向外側車道,2014,1,0,1
湖西鄉龍門村縣204線10公里550公尺處東向外側車道,2014,1,0,2
馬公市光復里三多路光榮街,2014,1,0,1
馬公市案山里86號岔路,2014,1,0,2
馬公市朝陽里朝陽路148巷,2014,1,0,2
白沙鄉通梁村縣203線19公里800公尺處西向外側車道,2014,1,0,3
馬公市光榮里成功街,2014,1,0,1
馬公市案山里經國路,2014,1,0,2
馬公市案山里經國路,2015,1,0,2
馬公市案山里經國路,2016,1,0,2
馬公市案山里經國路,2017,3,0,3
馬公市鐵線里縣201線2公里100公尺處北向外側車道,2014,1,0,1
馬公市鐵線里縣201線2公里100公尺處北向外側車道,2016,1,0,1
馬公市東衛里澎22號道,2014,1,0,2
馬公市東衛里澎22號道,2015,1,0,1
馬公市東衛里澎22號道,2016,1,0,1
白沙鄉鎮海村縣203線13公里0公尺處北向內側車道,2014,1,0,1
馬公市朝陽里林森路朝陽路41巷,2014,1,0,1
馬公市朝陽里林森路朝陽路41巷,2015,1,0,2
馬公市朝陽里三多路六合路41巷,2014,1,0,1
馬公市朝陽里文林街,2014,2,0,3
馬公市朝陽里文林街,2016,2,0,3
馬公市朝陽里文林街,2017,1,0,1
湖西鄉隘門村縣204線6公里800公尺處南向內側車道,2014,1,0,1
湖西鄉湖東村13-12號岔路,2014,1,0,3
馬公市西衛里3-1號岔路,2014,1,0,1
馬公市西衛里3-1號岔路,2015,1,0,1
湖西鄉西溪村岔路,2014,1,0,1
湖西鄉隘門村126-5號馬公機場入場道,2014,1,0,1
馬公市鎖港里189號岔路,2014,1,0,1
湖西鄉紅羅村2-1號岔路,2014,1,0,3
白沙鄉後寮村縣203線19公里080公尺處東向外側車道,2014,1,0,2
馬公市西文里縣204線0公里550公尺處東向外側車道,2014,1,0,2
馬公市西文里縣204線0公里550公尺處東向外側車道,2016,5,0,7
馬公市西衛里207號岔路,2014,1,0,2
馬公市復興里中山路,2014,1,0,2
湖西鄉許家村岔路,2014,1,0,1
湖西鄉許家村岔路,2015,1,0,1
湖西鄉北寮村澎14號道,2014,1,0,1
湖西鄉北寮村澎14號道,2015,1,0,1
馬公市光明里光復路,2014,1,0,1
馬公市光明里光復路,2015,1,0,2
馬公市光明里光復路,2016,1,0,1
馬公市光明里光復路,2017,1,0,1
馬公市興仁里縣204線3公里750公尺處東向內側車道,2014,1,0,1
馬公市西文里縣204線1公里200公尺處西向外側車道,2014,2,0,3
馬公市西文里縣204線1公里200公尺處西向外側車道,2015,2,0,3
馬公市西文里縣204線1公里050公尺處西向外側車道,2014,1,0,1
馬公市西文里縣204線1公里400公尺處西向外側車道,2014,1,0,1
馬公市烏崁里澎25號道,2014,2,0,2
馬公市陽明里新生路永順街,2014,1,0,1
馬公市陽明里新生路永順街,2015,3,0,3
馬公市陽明里新生路永順街,2016,1,0,2
馬公市鎖港里245號岔路,2014,1,0,1
馬公市東衛里縣203線4公里100公尺處南向外側車道,2014,1,0,1
馬公市菜園里岔路,2014,1,0,1
馬公市菜園里岔路,2015,2,0,4
馬公市西文里文前街,2014,1,0,1
馬公市西文里文前街,2015,1,0,3
馬公市西文里文前街,2016,1,0,1
馬公市西文里文前街,2017,2,0,4
西嶼鄉竹灣村縣203線26公里800公尺處南向外側車道,2014,1,0,1
馬公市光華里縣204線2公里450公尺處東向外側車道,2014,1,0,1
西嶼鄉大池村縣203線27公里850公尺處北向外側車道,2015,1,1,0
馬公市前寮里縣205線5公里050公尺處東向外側車道,2015,1,1,0
湖西鄉西溪村縣202線5公里270公尺處西向內側車道,2015,1,1,0
望安鄉將軍村環島道路,2015,1,1,0
西嶼鄉內垵村縣203線33公里000公尺處南向外側車道,2015,1,0,2
馬公市重慶里建國路光武街,2015,1,0,1
馬公市石泉里縣204線1公里900公尺處東向外側車道,2015,3,0,5
馬公市石泉里縣204線1公里900公尺處東向外側車道,2016,1,0,1
馬公市光明里忠孝路信義路9巷,2015,2,0,3
馬公市光明里忠孝路信義路9巷,2016,1,0,1
馬公市朝陽里文林街2巷,2015,1,0,2
馬公市西文里新明路永福街,2015,2,0,2
馬公市西文里新明路永福街,2016,1,0,1
馬公市光榮里光復路148巷,2015,1,0,1
馬公市東文里縣204線1公里100公尺處東向外側車道,2015,2,0,2
馬公市東文里縣204線1公里100公尺處東向外側車道,2016,3,0,3
馬公市興仁里縣201線0公里010公尺處南向外側車道,2015,1,0,1
湖西鄉紅羅村縣202線5公里700公尺處東向外側車道,2015,1,0,1
馬公市西文里縣204線0公里400公尺處東向內側車道,2015,1,0,1
白沙鄉中屯村岔路,2015,1,0,1
馬公市啟明里民權路,2015,2,0,4
馬公市啟明里民權路,2016,1,0,2
馬公市啟明里民權路,2017,1,0,3
馬公市東文里縣204線0公里900公尺處東向外側車道,2015,1,0,2
馬公市東衛里澎23號道,2015,1,0,1
馬公市鐵線里縣201線2公里000公尺處北向外側車道,2015,1,0,1
湖西鄉湖西村縣202線7公里300公尺處東向內側車道,2015,1,0,1
馬公市五德里岔路,2015,1,0,2
馬公市西文里縣203線2公里750公尺處西向內側車道,2015,1,0,1
馬公市朝陽里六合路41巷,2015,2,0,2
馬公市朝陽里六合路41巷,2016,1,0,1
馬公市朝陽里六合路41巷,2017,3,0,4
馬公市東衛里縣202線0公里300公尺處西向內側車道,2015,1,0,1
馬公市西文里113-31號旁岔路,2015,1,0,2
白沙鄉小赤崁村22號岔路,2015,1,0,1
湖西鄉成功村2-2號岔路,2015,1,0,1
馬公市安宅里縣203線5公里1公尺處北向外側車道,2015,1,0,1
馬公市西衛里1號岔路,2015,1,0,2
馬公市陽明里新明路永順街,2015,2,0,4
馬公市陽明里新明路永順街,2016,1,0,1
馬公市朝陽里三多路146巷,2015,2,0,3
馬公市朝陽里三多路146巷,2017,1,0,1
馬公市東文里文學路大賢街,2015,1,0,2
馬公市東文里文學路大賢街,2016,1,0,1
湖西鄉隘門村縣204線5公里600公尺處南向外側車道,2015,1,0,1
湖西鄉林投村縣204線8公里400公尺處東向外側車道,2015,1,0,2
湖西鄉尖山村縣204線道路,2015,1,0,1
馬公市西文里縣203線3公里970公尺處東向外側車道,2015,1,0,1
馬公市時裡里縣201線6公里100公尺處東向外側車道,2015,1,0,2
馬公市烏崁里縣204線5公里100公尺處東向外側車道,2015,1,0,1
湖西鄉紅羅村49之1號後方岔路,2015,2,0,5
馬公市陽明里北辰街18巷,2015,2,0,2
白沙鄉中屯村縣203線8公里900公尺處北向外側車道,2015,1,0,1
馬公市長安里光明路,2015,1,0,1
馬公市長安里光明路,2017,1,0,1
西嶼鄉赤馬村縣203線32公里300公尺處南向外側車道,2015,1,0,1
馬公市安宅里縣203線5公里000公尺處北向外側車道,2015,1,0,1
馬公市西文里縣203線2公里550公尺處西向外側車道,2015,1,0,2
馬公市西文里縣203線2公里550公尺處西向外側車道,2016,1,0,1
馬公市朝陽里三多路朝陽路148巷,2015,1,0,2
馬公市興仁里縣201線1公里050公尺處北向外側車道,2015,1,0,1
白沙鄉赤崁村縣203線15公里600公尺處南向外側車道,2015,1,0,1
馬公市西文里縣203線3公里500公尺處西向外側車道,2015,1,0,1
馬公市西文里縣203線3公里500公尺處西向外側車道,2016,1,0,1
湖西鄉許家村縣203線6公里700公尺處北向內側車道,2015,1,0,1
馬公市陽明里大仁街,2015,1,0,1
馬公市陽明里大仁街,2016,1,0,2
馬公市陽明里大仁街,2017,4,0,7
馬公市東文里澎28號道,2015,1,0,2
望安鄉西安村36-6號岔路,2015,1,0,2
馬公市朝陽里朝陽路85巷,2015,1,0,1
馬公市重光里四維路,2015,1,0,3
馬公市重光里四維路,2017,2,0,5
馬公市西文里縣204線0公里200公尺處東向外側車道,2015,1,0,1
七美鄉海豐村澎42號道,2015,1,0,1
馬公市朝陽里朝陽路185巷,2015,1,0,1
馬公市光榮里三多路文光路168巷,2015,1,0,1
湖西鄉成功村縣202線2公里550公尺處東向外側車道,2015,1,0,1
馬公市中興里忠孝路,2015,1,0,1
馬公市中興里忠孝路,2017,2,0,3
湖西鄉成功村縣202線3公里000公尺處北向外側車道,2015,1,0,2
湖西鄉紅羅村12號後方道路,2015,1,0,1
馬公市啟明里民福路,2015,1,0,1
馬公市啟明里民福路,2016,2,0,3
馬公市啟明里民福路,2017,2,0,2
馬公市西文里縣203線3公里050公尺處東向外側車道,2015,1,0,1
馬公市案山里縣205線3公里800公尺處北向內側車道,2015,1,0,1
馬公市案山里縣205線3公里800公尺處北向內側車道,2016,1,0,1
西嶼鄉橫礁村跨海大橋(附近)縣203線22公里400公尺處南向內側車道,2015,1,0,1
馬公市鐵線里縣201線2公里500公尺處南向外側車道,2015,1,0,2
馬公市啟明里惠民路,2015,1,0,1
馬公市東衛里45之3號岔路,2015,1,0,1
白沙鄉港子村縣203線14公里700公尺處北向外側車道,2015,1,0,1
白沙鄉赤崁村縣203線15公里000公尺處南向外側車道,2015,1,0,2
湖西鄉中西村縣203線7公里600公尺處北向外側車道,2015,1,0,2
馬公市鎖港里299號岔路,2015,1,0,1
馬公市西文里縣203線3公里300公尺處西向外側車道,2015,1,0,2
湖西鄉許家村縣203線道路,2015,1,0,2
馬公市東文里文山路民富街,2015,1,0,3
馬公市東文里文明路,2015,2,0,5
馬公市東文里文明路,2016,3,0,5
馬公市東文里文明路,2017,2,0,3
白沙鄉赤崁村縣203線16公里300公尺處東向外側車道,2015,1,0,2
馬公市西衛里4號岔路,2015,1,0,1
馬公市西文里文學路永福街,2015,2,0,4
馬公市光華里縣204線3公里010公尺處東向外側車道,2015,1,0,1
馬公市案山里27-3號岔路,2015,1,0,3
馬公市東衛里縣203線4公里450公尺處南向外側車道,2015,1,0,1
湖西鄉隘門村縣204線6公里700公尺處東向內側車道,2015,1,0,1
馬公市鐵線里縣201線1公里800公尺處南向外側車道,2015,1,0,2
馬公市烏崁里縣204線5公里400公尺處北向內側車道,2015,1,0,1
馬公市西文里縣203線3公里000公尺處東向內側車道,2015,1,0,1
馬公市西文里縣203線2公里900公尺處東向外側車道,2015,1,0,1
馬公市西文里縣203線2公里900公尺處西向外側車道,2015,1,0,4
馬公市西文里縣203線2公里900公尺處西向外側車道,2016,1,0,1
馬公市西文里縣203線2公里700公尺處東向外側車道,2015,1,0,1
馬公市西文里縣203線2公里700公尺處東向外側車道,2016,1,0,1
馬公市鐵線里縣201線2公里600公尺處北向內側車道,2015,1,0,1
白沙鄉講美村縣203線11公里900公尺處西向外側車道,2015,1,0,2
湖西鄉北寮村3號50公尺處岔路,2015,1,0,3
馬公市中興里文化路,2015,3,0,4
馬公市中興里文化路,2016,5,0,5
馬公市中興里文化路,2017,7,0,10
馬公市西文里新明路永祿街,2015,1,0,2
馬公市陽明里永安街15巷,2015,1,0,2
湖西鄉龍門村朝陽車道,2015,1,0,1
馬公市西文里縣203線3公里400公尺處東向外側車道,2015,2,0,2
望安鄉將軍村將軍廟往環島道路,2015,1,0,2
湖西鄉隘門村澎20號線001公里100公尺處東向外側車道,2015,1,0,2
馬公市光榮里三多路463巷,2015,1,0,1
馬公市東文里縣204線0公里500公尺處東向外側車道,2015,1,0,1
馬公市鎖港里405號岔路,2015,1,0,1
湖西鄉鼎灣村縣203線7公里600公尺處南向外側車道,2015,1,0,2
馬公市重慶里中興路重慶街,2015,1,0,2
白沙鄉通梁村縣203線19公里500公尺處北向外側車道,2015,1,0,1
白沙鄉通梁村縣203線19公里500公尺處北向外側車道,2016,1,0,3
馬公市西文里281號北側150公尺處道路,2015,1,0,1
馬公市西文里縣203線3公里100公尺處東向內側車道,2015,1,0,2
馬公市光榮里朝陽路貿商街,2015,2,0,2
湖西鄉湖西村縣202線7公里450公尺處東向外側車道,2015,1,0,1
馬公市啟明里臨海路6巷,2015,1,0,1
馬公市烏崁里縣204線5公里550公尺處南向外側車道,2015,1,0,1
馬公市光復里新營路,2015,1,0,1
馬公市光復里新營路,2016,2,0,2
馬公市光榮里信義路成功街,2015,1,0,1
馬公市光榮里信義路成功街,2016,1,0,2
馬公市光榮里光榮街,2015,1,0,1
馬公市光榮里光榮街,2017,2,0,3
湖西鄉中西村縣203線7公里600公尺處南向外側車道,2015,1,0,1
湖西鄉青螺村澎13號線1公里500公尺處西向一般車道,2015,1,0,1
馬公市鎖港里縣201線3公里400公尺處東向內側車道,2015,1,0,2
馬公市案山里27之3號岔路,2015,1,0,3
湖西鄉湖西村170-1號岔路,2015,1,0,1
湖西鄉中西村縣203線7公里700公尺處北向外側車道,2015,1,0,2
馬公市井垵里縣201線5公里500公尺處西向外側車道,2015,1,0,1
馬公市鎖港里澎26號線000公里400公尺處北向外側車道,2015,1,0,2
馬公市東文里107之18號前岔路,2015,1,0,1
西嶼鄉橫礁村縣203線22公里300公尺處北向一般車道,2015,1,0,2
白沙鄉赤崁村縣203線17公里100公尺處東向外側車道,2015,1,0,2
白沙鄉通梁村澎8-1號3公里000公尺處西向一般車道,2015,1,0,1
湖西鄉許家村縣203線006公里050公尺處北向外側車道,2015,1,0,1
馬公市西文里縣203線3公里450公尺處東向外側車道,2015,1,0,1
馬公市東衛里縣202線0公里800公尺處西向內側車道,2015,1,0,3
白沙鄉講美村縣203線道路,2015,1,0,2
馬公市中興里介壽路,2015,3,0,4
馬公市中興里介壽路,2017,1,0,1
馬公市東衛里縣203線4公里600公尺處南向外側車道,2015,1,0,3
白沙鄉港子村澎9號線000公里100公尺處東向一般車道,2015,1,0,1
馬公市光明里信義路9巷,2015,1,0,1
馬公市光明里信義路9巷,2016,2,0,4
白沙鄉赤崁村縣203線15公里600公尺處南向內側車道,2015,1,0,2
湖西鄉鼎灣村縣203線7公里050公尺處南向外側車道,2015,1,0,2
馬公市西文里縣203線2公里950公尺處東向外側車道,2015,1,0,2
白沙鄉通梁村縣203線20公里900公尺處北向一般車道,2015,1,0,2
馬公市陽明里同和路,2015,4,0,6
馬公市陽明里同和路,2016,7,0,8
馬公市陽明里同和路,2017,6,0,10
馬公市西衛里五福路3巷,2015,1,0,2
馬公市西衛里五福路3巷,2017,1,0,1
馬公市西文里縣203線3公里500公尺處東向外側車道,2015,1,0,2
馬公市西文里縣203線3公里500公尺處東向外側車道,2016,1,0,1
湖西鄉湖西村縣202線7公里150公尺處西向外側車道,2015,1,0,3
馬公市東文里文山路77巷,2015,1,0,1
馬公市西文里縣203線3公里100公尺處東向外側車道,2015,1,0,1
馬公市西文里縣204線0公里700公尺處西向外側車道,2015,1,0,3
馬公市鐵線里縣201線2公里600公尺處南向外側車道,2015,1,0,2
湖西鄉西溪村澎13號線5公里800公尺處南向外側車道,2015,1,0,1
馬公市興仁里縣204線3公里450公尺處東向外側車道,2015,1,0,1
白沙鄉赤崁村縣203線16公里200公尺處西向外側車道,2015,1,0,3
馬公市重慶里民權路,2015,3,0,3
馬公市重慶里民權路,2016,3,0,6
馬公市重慶里民權路,2017,1,0,1
湖西鄉西溪村縣202線4公里000公尺處東向外側車道,2015,1,0,1
湖西鄉潭邊村縣203線道路,2015,2,0,4
湖西鄉潭邊村縣203線道路,2016,1,0,2
馬公市陽明里永安街,2015,1,0,1
馬公市陽明里永安街,2016,1,0,3
馬公市陽明里永安街,2017,3,0,5
白沙鄉通梁村縣203線20公里300公尺處西向外側車道,2015,1,0,2
西嶼鄉外垵村縣203線34公里500公尺處北向外側車道,2015,1,0,2
馬公市西文里縣203線003公里600公尺處西向外側車道,2015,1,0,1
西嶼鄉小門村補網場後方道路,2015,1,0,2
白沙鄉中屯村縣203線009公里000公尺處南向外側車道,2015,1,0,1
白沙鄉通梁村縣203線道路,2015,1,0,1
白沙鄉通梁村縣203線道路,2017,1,0,2
湖西鄉成功村縣202線2公里00公尺處南向外側車道,2015,1,0,1
白沙鄉中屯村縣203線9公里200公尺處北向外側車道,2015,1,0,1
馬公市西文里84-15號前路,2015,1,0,1
馬公市光華里縣205線7公里50公尺處西向外側車道,2015,1,0,1
馬公市興仁里縣201線001公里400公尺處北向外側車道,2015,1,0,1
馬公市光復里中華路北辰街,2015,1,0,2
馬公市光明里文光路,2015,2,0,2
馬公市光明里文光路,2016,1,0,1
馬公市光明里文光路,2017,1,0,3
馬公市鎖港里縣201線002公里600公尺處北向外側車道,2015,1,0,1
西嶼鄉外垵村澎6號線1公里300公尺處西向一般車道,2015,1,0,1
白沙鄉通梁村縣203線20公里100公尺處西向外側車道,2015,1,0,2
馬公市烏崁里縣204線4公里500公尺處北向外側車道,2015,1,0,2
湖西鄉中西村縣203線8公里50公尺處南向外側車道,2015,1,0,1
湖西鄉中西村縣203線8公里50公尺處南向外側車道,2016,1,0,1
馬公市時裡里縣201線6公里900公尺處東向外側車道,2015,1,0,3
馬公市東衛里縣203線4公里250公尺處南向外側車道,2015,1,0,2
馬公市陽明里北辰街大智街24巷,2015,1,0,2
馬公市西文里縣203線3公里800公尺處東向內側車道,2015,1,0,1
馬公市鎖港里縣201線2公里600公尺處北向外側車道,2015,1,0,2
馬公市鎖港里縣201線2公里600公尺處北向外側車道,2016,1,0,2
白沙鄉講美村縣203線11公里100公尺處西向外側車道,2015,1,0,3
湖西鄉成功村縣202線2公里800公尺處南向外側車道,2015,1,0,1
馬公市東文里新生路,2015,1,0,1
馬公市東文里新生路,2016,1,0,1
馬公市東文里新生路,2017,1,0,1
馬公市時裡里縣201線6公里00公尺處西向中外車道,2015,1,0,1
湖西鄉中西村縣203線8公里00公尺處北向外側車道,2015,1,0,4
馬公市東衛里縣203線4公里900公尺處南向外側車道,2015,1,0,2
馬公市西文里縣205線2公里500公尺處西向外側車道,2015,2,0,4
馬公市朝陽里陽明路92弄文林街1巷,2015,1,0,1
白沙鄉赤崁村縣203線16公里50公尺處東向外側車道,2015,1,0,3
馬公市許家村縣203線6公里00公尺處北向外側車道,2015,1,0,1
馬公市西文里縣204線1公里300公尺處西向內側車道,2015,1,0,1
西嶼鄉內垵村澎5號線4公里700公尺處西向外側車道,2015,1,0,1
馬公市東衛里縣203線4公里00公尺處西向外側車道,2015,1,0,1
白沙鄉後寮村縣203線16公里800公尺處東向外側車道,2015,1,0,2
馬公市西文里馬公都市計劃20-3號道,2015,1,0,1
馬公市東衛里縣202線0公里800公尺處西向外側車道,2015,1,0,1
湖西鄉湖西村縣202線7公里200公尺處西向內側車道,2015,1,0,2
白沙鄉後寮村縣203線19公里300公尺處北向外側車道,2015,1,0,4
西嶼鄉小門村澎2號線1公里100公尺處南向一般車道,2015,1,0,2
馬公市烏崁里澎25號線0公里900公尺處南向外側車道,2015,1,0,1
馬公市山水里澎26號線001公里400公尺處北向外側車道,2015,1,0,1
馬公市朝陽村朝陽路文林街,2015,1,0,1
馬公市東衛里縣203線4公里150公尺處南向外側車道,2015,1,0,1
"馬公市光復 里新生路",2015,1,0,1
馬公市西文里縣204線1公里100公尺處西向外側車道,2015,1,0,1
馬公市西文里縣204線1公里100公尺處西向外側車道,2016,5,0,8
湖西鄉鼎灣村縣203線7公里50公尺處北向外側車道,2015,1,0,1
馬公市重慶里光明路,2015,1,0,1
馬公市重慶里光明路,2017,1,0,2
"馬公市西文 里新生路",2015,1,0,1
西嶼鄉內垵村縣203線32公里500公尺處東向外側車道,2015,1,0,1
西嶼鄉內垵村縣203線32公里500公尺處東向外側車道,2016,1,0,2
馬公市東文里縣204線1公里300公尺處東向內側車道,2015,1,0,1
馬公市時裡里縣201線6公里150公尺處南向內側車道,2015,1,0,3
馬公市啟明里重慶街,2015,1,0,2
馬公市啟明里重慶街,2017,1,0,1
湖西鄉湖西里縣202線7公里300公尺處西向外側車道,2015,1,0,2
湖西鄉隘門村縣204線道路,2015,1,0,1
馬公市安宅里縣203線5公里550公尺處南向外側車道,2015,1,0,1
馬公市安宅里縣203線5公里550公尺處南向外側車道,2016,1,0,3
馬公市光榮里朝陽路,2015,1,0,1
馬公市光榮里朝陽路,2017,1,0,2
白沙鄉港子村縣203線13公里900公尺處北向外側車道,2015,1,0,2
"馬公市西文 里縣203線3公里450公尺處東向外側車道",2015,1,0,1
馬公市東衛里縣203線4公里210公尺處南向外側車道,2015,1,0,1
白沙鄉瓦硐村澎8號線1公里500公尺處東向一般車道,2015,1,0,2
馬公市鎖港里縣201線3公里400公尺處北向外側車道,2015,1,0,2
馬公市鎖港里縣201線3公里400公尺處北向外側車道,2016,1,0,1
馬公市菜園里縣204線2公里400公尺處東向外側車道,2015,1,0,2
湖西鄉鼎灣村縣203線7公里00公尺處北向外側車道,2015,1,0,2
湖西鄉尖山村縣204線10公里100公尺處西向內側車道,2015,1,0,3
馬公市案山里新營路,2015,2,0,4
馬公市西文里縣204線0公里900公尺處東向外側車道,2015,1,0,1
馬公市重慶里漁隆路,2015,1,0,2
西嶼鄉橫礁村縣203線22公里400公尺處南向一般車道,2015,1,0,1
馬公市西文里縣203線2公里600公尺處西向外側車道,2015,1,0,1
馬公市西文里縣203線2公里600公尺處西向外側車道,2016,1,0,1
馬公市光復里陽明路,2015,1,0,1
西嶼鄉內垵村澎5號線4公里700公尺處西向中外車道,2015,1,0,1
馬公市時裡里縣201線5公里900公尺處東向外側車道,2015,1,0,1
白沙鄉後寮村澎8號線5公里400公尺處南向中外車道,2015,1,0,1
馬公市陽明里縣205線1公里700公尺處西向外側車道,2015,2,0,4
馬公市陽明里縣205線1公里700公尺處西向外側車道,2016,2,0,4
湖西鄉隘門村縣204線6公里650公尺處南向外側車道,2015,2,0,2
馬公市菜園里縣204線002公里600公尺處東向外側車道,2015,1,0,1
湖西鄉成功村縣202線001公里400公尺處北向外側車道,2015,1,0,2
馬公市烏崁里縣204線4公里550公尺處北向外側車道,2015,1,0,1
馬公市光華里縣204線002公里600公尺處東向外側車道,2015,1,0,4
馬公市時裡里縣201線008公里200公尺處東向內側車道,2015,1,0,1
馬公市西文里縣204線1公里100公尺處東向內側車道,2015,1,0,1
白沙鄉通梁村澎8-1號2公里700公尺處南向中外車道,2015,1,0,1
馬公市興仁里縣204線003公里450公尺處東向外側車道,2015,1,0,1
馬公市西文里縣204線0公里250公尺處西向外側車道,2015,1,0,2
湖西鄉鼎灣村縣203線007公里50公尺處北向外側車道,2015,1,0,2
馬公市鎖港里縣201線2公里600公尺處南向外側車道,2015,1,0,2
白沙鄉後寮村澎8號線4公里970公尺處南向中內車道,2015,1,0,1
馬公市石泉里縣205線6公里50公尺處東向外側車道,2015,1,0,1
馬公市朝陽里永和街,2015,1,0,2
馬公市井垵里縣201線5公里450公尺處西向外側車道,2015,1,0,1
馬公市東衛里縣203線4公里570公尺處北向外側車道,2015,1,0,2
湖西鄉許家村安宅里往許家村產業道路,2015,1,0,2
湖西鄉南寮村縣202線8公里900公尺處西向外側車道,2015,1,0,1
馬公市鎖港里澎26號線0公里200公尺處南向外側車道,2015,1,0,1
馬公市興仁里縣204線3公里700公尺處西向外側車道,2015,1,0,2
馬公市興仁里縣204線3公里700公尺處西向外側車道,2016,1,0,1
湖西鄉湖西里縣202線6公里600公尺處西向外側車道,2015,1,0,2
馬公市五德里縣201線5公里200公尺處西向外側車道,2015,1,0,1
馬公市時裡里縣201線6公里00公尺處東向外側車道,2015,1,0,2
馬公市陽明里光復路大智街,2015,1,0,1
湖西鄉湖西村縣202線6公里700公尺處東向外側車道,2015,1,0,2
馬公市安宅里縣203線5公里150公尺處北向外側車道,2015,1,0,3
馬公市陽明里三多路,2015,1,0,1
湖西鄉隘門村縣204線5公里900公尺處東向外側車道,2015,1,0,1
馬公市光華里縣204線2公里300公尺處東向外側車道,2015,2,0,4
馬公市光華里縣204線2公里300公尺處東向外側車道,2016,1,0,2
馬公市重光里文光路,2015,1,0,1
馬公市重光里文光路,2016,1,0,2
馬公市案山里縣205線4公里100公尺處南向外側車道,2015,1,0,1
馬公市光榮里貿商街,2015,2,0,2
馬公市光榮里貿商街,2017,3,0,4
湖西鄉尖山村縣204線9公里700公尺處西向內側車道,2015,1,0,1
馬公市井垵里縣201線5公里300公尺處東向外側車道,2015,1,0,2
馬公市鐵線里縣201線2公里550公尺處南向內側車道,2015,1,0,1
白沙鄉講美村縣203線12公里0公尺處西向外側車道,2015,1,0,1
馬公市鐵線里縣201線3公里200公尺處北向內側車道,2015,1,0,1
馬公市安宅里縣202線5公里00公尺處南向外側車道,2015,1,0,2
馬公市鎖港里澎25號線00公里20公尺處東向外側車道,2015,1,0,2
白沙鄉赤崁村60號旁岔路,2015,1,0,1
白沙鄉中屯村縣203線9公里400公尺處北向外側車道,2015,1,0,1
湖西鄉潭邊村縣203線7公里100公尺處南向外側車道,2015,1,0,1
白沙鄉赤崁村縣203線16公里500公尺處西向一般車道,2015,1,0,1
馬公市烏崁里縣204線5公里200公尺處東向外側車道,2015,1,0,2
湖西鄉鼎灣村縣203線7公里700公尺處南向外側車道,2015,1,0,1
西嶼鄉池東村縣203線31公里0公尺處南向外側車道,2015,1,0,1
馬公市興仁里縣204線3公里950公尺處東向外側車道,2015,1,0,1
馬公市安宅里縣203線5公里350公尺處北向外側車道,2015,1,0,4
馬公市朝陽里林森路46弄三多路76巷,2015,1,0,2
湖西鄉鼎灣村澎11號道,2015,1,0,1
馬公市井垵里縣201線5公里800公尺處東向外側車道,2015,1,0,1
白沙鄉講美村縣203線12公里200公尺處南向外側車道,2015,1,0,1
白沙鄉小赤崁村澎9-1號1公里850公尺處北向外側車道,2015,1,0,1
湖西鄉湖西村澎19號線0公里500公尺處南向外側車道,2015,1,0,2
馬公市光華里縣204線2公里700公尺處東向外側車道,2015,1,0,2
馬公市光華里縣204線2公里700公尺處東向外側車道,2016,1,0,2
湖西鄉西溪里縣202線5公里200公尺處東向外側車道,2015,1,0,1
馬公市復興里民族路,2015,1,0,2
湖西鄉湖西村縣202線7公里560公尺處東向外側車道,2015,1,0,2
西嶼鄉池東村38-1號縣203線30公里0公尺處南向外側車道,2015,1,0,2
湖西鄉湖西村縣202線6公里500公尺處西向外側車道,2015,1,0,1
馬公市前寮里縣205線5公里00公尺處西向內側車道,2015,1,0,3
馬公市西文里縣204線0公里800公尺處西向內側車道,2015,1,0,1
馬公市長安里民生路,2015,1,0,1
馬公市長安里民生路,2017,1,0,1
馬公市朝陽里林森路46弄朝陽路76巷,2015,1,0,1
馬公市光榮里三多路光榮街,2015,1,0,1
馬公市朝陽里林森路46弄朝陽里76巷,2015,1,0,1
馬公市光復里光復路北辰街,2015,1,0,1
馬公市光復里光復路北辰街,2016,1,0,1
馬公市東衛里縣203線4公里00公尺處東向外側車道,2015,1,0,1
白沙鄉赤崁村縣203線15公里200公尺處北向外側車道,2015,1,0,1
湖西鄉中西村縣203線8公里100公尺處北向外側車道,2015,1,0,2
馬公市中央里中正路,2015,1,0,2
馬公市中央里中正路,2016,2,0,2
湖西鄉隘門村澎13號線6公里700公尺處北向外側車道,2015,1,0,3
馬公市西文里縣204線1公里100公尺處西向內側車道,2015,1,0,2
馬公市東衛里縣203線4公里350公尺處南向外側車道,2015,1,0,1
西嶼鄉池東村縣203線30公里300公尺處南向外側車道,2015,1,0,2
馬公市西文里縣203線3公里50公尺處東向外側車道,2015,1,0,1
白沙鄉港子村澎8號線0公里400公尺處東向外側車道,2015,1,0,1
馬公市東衛里澎21號線0公里200公尺處東向外側車道,2015,1,0,1
馬公市中興里民生路重慶街,2015,1,0,1
馬公市光榮里三多路貿商街,2015,1,0,2
馬公市興仁里縣204線道路,2015,1,0,1
湖西鄉北寮村澎14號線1公里450公尺處北向外側車道,2015,1,0,1
馬公市興仁里縣201線0公里900公尺處南向外側車道,2015,1,0,1
馬公市五德里縣201線4公里900公尺處北向外側車道,2015,1,0,2
馬公市東文里澎28號線0公里600公尺處東向外側車道,2015,1,0,3
湖西鄉林投村縣204線7公里700公尺處西向外側車道,2015,1,0,1
白沙鄉講美村縣203線12公里250公尺處北向外側車道,2015,1,0,2
馬公市鎖港里縣201線2公里600公尺處北向內側車道,2015,1,0,1
馬公市烏崁里澎25號線1公里600公尺處北向外側車道,2015,1,0,1
白沙鄉後寮村縣203線17公里0公尺處東向外側車道,2015,1,0,1
馬公市東衛里縣202線0公里600公尺處西向外側車道,2015,1,0,1
馬公市陽明里新營路永順街,2015,1,0,1
馬公市陽明里新營路永順街,2016,1,0,1
馬公市東衛里縣203線4公里550公尺處南向外側車道,2015,1,0,1
馬公市興仁里縣201線1公里150公尺處北向外側車道,2015,1,0,1
馬公市光華里縣204線2公里800公尺處東向外側車道,2015,1,0,1
馬公市光華里縣204線2公里300公尺處東向內側車道,2015,1,0,1
馬公市光華里縣204線2公里850公尺處西向外側車道,2015,1,0,3
湖西鄉許家村縣203線6公里450公尺處北向外側車道,2015,1,0,2
湖西鄉許家村縣203線6公里430公尺處南向外側車道,2015,1,0,1
馬公市陽明里中華路62巷,2015,1,0,2
馬公市陽明里中華路62巷,2017,1,0,1
馬公市朝陽里中興路,2015,1,0,2
馬公市石泉里縣204線1公里700公尺處西向外側車道,2015,1,0,1
馬公市石泉里縣204線1公里700公尺處西向外側車道,2016,2,0,3
馬公市朝陽里林森路46弄朝陽路54巷,2015,1,0,1
湖西鄉紅羅村縣202線道路,2015,1,0,2
馬公市光復里治平路,2015,1,0,1
馬公市光復里治平路,2016,2,0,3
馬公市光復里治平路,2017,3,0,5
西嶼鄉合界村縣203線24公里500公尺處西向內側車道,2015,1,0,1
馬公市陽明里永和街,2015,1,0,2
馬公市陽明里永和街,2016,1,0,1
馬公市陽明里永和街,2017,3,0,4
馬公市興仁里澎22號線2公里400公尺處北向外側車道,2015,1,0,5
湖西鄉林投村澎19號線1公里700公尺處北向外側車道,2015,1,0,1
湖西鄉龍門村縣204線10公里600公尺處西向內側車道,2015,1,0,2
湖西鄉成功村縣202線2公里500公尺處北向內側車道,2015,1,0,1
馬公市石泉里澎23號線0公里500公尺處北向外側車道,2015,1,0,2
馬公市東衛里縣202線0公里500公尺處東向外側車道,2015,1,0,1
馬公市朝陽里朝陽路光榮街,2015,1,0,1
馬公市西文里縣204線1公里50公尺處西向外側車道,2016,1,1,0
湖西鄉林投村縣204線7公里400公尺處東向外側車道,2016,1,1,0
湖西鄉許家村縣203線6公里400公尺處南向外側車道,2016,1,1,0
馬公市西文里縣203線3公里00公尺處東向內側車道,2016,1,1,0
西嶼鄉橫礁村縣203線24公里0公尺處西向外側車道,2016,1,1,1
西嶼鄉內垵村縣203線33公里700公尺處南向內側車道,2016,1,1,0
白沙鄉港子村55號縣203線13公里500公尺處南向外側車道,2016,1,1,1
白沙鄉通梁村縣203線21公里700公尺處南向中外車道,2016,1,2,4
馬公市朝陽里朝陽路54弄朝陽路54巷,2016,1,0,1
馬公市西文里162-20號後方岔路,2016,1,0,2
馬公市朝陽里林森路87弄三多路184巷,2016,1,0,1
馬公市興仁里林務局雙心石滬前道路,2016,1,0,1
馬公市安宅里縣203線4公里950公尺處南向外側車道,2016,1,0,3
"馬公市西文 里縣204線道路",2016,1,0,2
馬公市新復里介壽路,2016,1,0,1
湖西鄉成功村縣202線3公里00公尺處北向外側車道,2016,1,0,1
湖西鄉尖山村縣204線9公里500公尺處東向內側車道,2016,1,0,2
馬公市光華里縣204線2公里200公尺處東向外側車道,2016,2,0,3
湖西鄉湖西里澎19號線0公里400公尺處南向外側車道,2016,1,0,1
馬公市光復里民權路,2016,1,0,1
湖西鄉湖西村縣204線7公里400公尺處東向外側車道,2016,1,0,1
馬公市朝陽里文昌街林森路104巷,2016,1,0,2
白沙鄉赤崁村145-2號旁道路,2016,1,0,1
湖西鄉城北村澎21號線1公里300公尺處東向外側車道,2016,1,0,1
馬公市興仁里縣204線3公里900公尺處西向外側車道,2016,1,0,2
馬公市光復里新營路興港北街,2016,1,0,1
湖西鄉成功村縣202線3公里100公尺處西向外側車道,2016,1,0,1
湖西鄉隘門村縣204線6公里900公尺處南向外側車道,2016,1,0,1
白沙鄉瓦硐村澎8號線1公里700公尺處西向外側車道,2016,1,0,2
湖西鄉成功村縣202線1公里950公尺處南向內側車道,2016,1,0,1
西嶼鄉興仁里縣201線1公里600公尺處北向外側車道,2016,1,0,1
馬公市石泉里縣204線1公里950公尺處東向內側車道,2016,1,0,1
馬公市陽明里中華路大智街18巷,2016,3,0,4
馬公市案山村文山路,2016,1,0,2
馬公市陽明里永泰街,2016,1,0,1
馬公市陽明里永泰街,2017,6,0,12
西嶼鄉赤馬村縣203線31公里400公尺處南向外側車道,2016,1,0,2
馬公市東衛里縣202線0公里200公尺處東向外側車道,2016,1,0,2
湖西鄉隘門村縣204線7公里50公尺處東向外側車道,2016,1,0,1
馬公市西文里縣204線0公里100公尺處西向外側車道,2016,1,0,1
白沙鄉中屯村12-9號岔路,2016,1,0,1
湖西鄉鼎灣村澎11號線0公里200公尺處南向外側車道,2016,1,0,2
馬公市光復里光復路大智街,2016,1,0,2
馬公市西文里新店路永壽街,2016,1,0,1
馬公市朝陽里文昌街,2016,2,0,4
馬公市朝陽里文昌街,2017,4,0,8
馬公市烏崁里縣204線5公里450公尺處北向外側車道,2016,1,0,1
馬公市興仁里縣201線0公里50公尺處南向外側車道,2016,1,0,1
馬公市五德里縣201線3公里600公尺處西向外側車道,2016,1,0,2
湖西鄉許家村縣203線6公里50公尺處北向外側車道,2016,1,0,3
白沙鄉通梁村村縣203線19公里700公尺處東向中外車道,2016,1,0,2
七美鄉海豐村2鄰13-2號前叉路,2016,1,0,1
湖西鄉成功村縣202線1公里550公尺處南向外側車道,2016,1,0,2
馬公市西文里縣204線0公里750公尺處西向外側車道,2016,1,0,1
馬公市東衛里縣202線0公里200公尺處西向外側車道,2016,3,0,4
湖西鄉隘門村縣204線6公里150公尺處東向內側車道,2016,1,0,1
湖西鄉中西村縣203線8公里600公尺處北向外側車道,2016,1,0,1
馬公市光華里縣204線2公里500公尺處東向外側車道,2016,1,0,2
白沙鄉港子村縣203線13公里800公尺處南向內側車道,2016,1,0,1
馬公市西文里縣205線1公里960公尺處東向外側車道,2016,1,0,1
馬公市光復里新生路北辰街,2016,2,0,3
白沙鄉瓦硐村澎8號線2公里300公尺處西向外側車道,2016,1,0,1
望安鄉許家村縣203線6公里00公尺處北向外側車道,2016,1,0,1
湖西鄉中西村縣203線8公里450公尺處南向外側車道,2016,1,0,2
湖西鄉湖西村縣204線6公里700公尺處西向外側車道,2016,1,0,1
西嶼鄉竹灣村223號澎3號線1公里0公尺處北向外側車道,2016,1,0,1
馬公市東衛里縣203線4公里0公尺處東向外側車道,2016,1,0,2
白沙鄉瓦硐村澎7號線1公里700公尺處南向外側車道,2016,1,0,1
白沙鄉小赤村33號岔路,2016,1,0,3
馬公市鎖港里縣201線2公里600公尺處南向內側車道,2016,1,0,1
馬公市菜園里縣205線6公里500公尺處東向外側車道,2016,1,0,2
湖西鄉湖西村縣202線8公里50公尺處西向外側車道,2016,1,0,1
馬公市案山里文學路大賢街,2016,1,0,3
馬公市朝陽里林森路45巷,2016,1,0,1
湖西鄉紅羅村縣202線5公里900公尺處西向外側車道,2016,1,0,3
西嶼鄉內垵村縣203線33公里0公尺處南向外側車道,2016,1,0,3
馬公市山水里澎26號線0公里900公尺處南向外側車道,2016,1,0,2
馬公市烏崁里縣204線5公里600公尺處北向內側車道,2016,1,0,3
馬公市西文里縣204線0公里550公尺處東向內側車道,2016,2,0,3
馬公市安宅里縣203線4公里600公尺處南向內側車道,2016,1,0,1
馬公市井垵里縣201線5公里400公尺處西向外側車道,2016,1,0,1
白沙鄉赤崁村縣203線16公里600公尺處東向外側車道,2016,1,0,2
西嶼鄉合界村縣203線24公里900公尺處北向中內車道,2016,1,0,2
湖西鄉隘門村縣204線6公里600公尺處南向內側車道,2016,1,0,2
馬公市朝陽里陽明路文林街,2016,1,0,1
馬公市陽明里大智街,2016,1,0,1
馬公市陽明里大智街,2017,5,0,7
馬公市山泉里62號後方岔路,2016,1,0,2
湖西鄉紅羅村縣202線6公里00公尺處西向外側車道,2016,1,0,1
馬公市西文里縣202線3公里00公尺處東向外側車道,2016,1,0,1
馬公市西文里縣203線3公里900公尺處西向外側車道,2016,1,0,1
馬公市案山里文山路民裕街,2016,1,0,1
白沙鄉城前村漁業電台南側產業道路,2016,1,0,1
馬公市光榮里文光路文光路東一橫巷,2016,1,0,3
馬公市西文里縣204線0公里50公尺處西向外側車道,2016,1,0,1
湖西鄉湖西村縣203線7公里500公尺處東向外側車道,2016,1,0,2
白沙鄉小赤村岔路,2016,1,0,1
馬公市東衛里118號後方道路,2016,1,0,1
白沙鄉講美村縣203線11公里700公尺處西向外側車道,2016,1,0,2
馬公市西文里新營路永祿街,2016,2,0,3
湖西鄉成功村縣202線3公里00公尺處東向外側車道,2016,1,0,1
望安鄉東安村岩川往中社村產業道路,2016,1,0,2
馬公市菜園里縣204線7公里200公尺處東向外側車道,2016,1,0,2
湖西鄉隘門村縣204線6公里650公尺處北向內側車道,2016,1,0,2
馬公市烏崁里澎25號線0公里600公尺處北向內側車道,2016,1,0,1
馬公市陽明里海埔路興港北街,2016,1,0,1
馬公市西文里縣203線3公里820公尺處東向外側車道,2016,1,0,1
馬公市五德里縣201線4公里750公尺處北向外側車道,2016,1,0,1
湖西鄉湖西村澎19號線0公里600公尺處南向內側車道,2016,1,0,3
馬公市菜園里縣204線6公里200公尺處北向外側車道,2016,1,0,1
馬公市東衛里縣202線1公里00公尺處西向外側車道,2016,1,0,2
湖西鄉隘門村澎20號線0公里750公尺處南向外側車道,2016,1,0,1
馬公市光明里海埔路,2016,1,0,1
湖西鄉許家村縣203線6公里550公尺處南向外側車道,2016,1,0,1
馬公市石泉里縣205線6公里100公尺處西向外側車道,2016,1,0,2
馬公市石泉里縣205線6公里250公尺處西向外側車道,2016,1,0,1
湖西鄉果葉里縣202線8公里400公尺處西向外側車道,2016,1,0,1
馬公市石泉里縣204線2公里00公尺處西向內側車道,2016,1,0,1
望安鄉東垵村澎34號線5公里500公尺處南向外側車道,2016,1,0,2
馬公市石泉里縣204線1公里950公尺處西向外側車道,2016,1,0,3
馬公市光華里縣204線2公里100公尺處東向內側車道,2016,1,0,3
馬公市鎖港里澎26號線0公里550公尺處南向外側車道,2016,1,0,3
馬公市陽明里光復路北辰街24巷,2016,1,0,2
望安鄉澎34號到2.68公里處〈天台山段,2016,1,0,1
馬公市東文里縣204線1公里30公尺處西向外側車道,2016,1,0,1
湖西鄉龍門村24-1號東側岔路,2016,1,0,4
馬公市光華里縣204線3公里00公尺處東向外側車道,2016,1,0,1
馬公市東文里縣204線1公里00公尺處東向外側車道,2016,1,0,2
馬公市鐵線里縣201線2公里550公尺處南向外側車道,2016,1,0,2
白沙鄉講美村講美、城前岔路,2016,1,0,2
馬公市西文里縣204線0公里600公尺處西向外側車道,2016,1,0,2
白沙鄉通梁村縣203線20公里700公尺處南向中線車道,2016,1,0,1
馬公市東文里澎28號線0公里550公尺處西向外側車道,2016,1,0,1
白沙鄉後寮村縣203線17公里500公尺處東向內側車道,2016,1,0,2
西嶼鄉竹灣村縣203線26公里100公尺處北向外側車道,2016,1,0,1
馬公市西文里縣204線0公里900公尺處西向外側車道,2016,2,0,3
西嶼鄉竹灣村縣203線25公里800公尺處西向外側車道,2016,1,0,2
湖西鄉北寮村澎14號線1公里500公尺處北向外側車道,2016,1,0,4
馬公市西文里縣203線3公里300公尺處東向外側車道,2016,1,0,1
馬公市西文里縣205線1公里650公尺處東向外側車道,2016,1,0,2
白沙鄉講美村縣203線12公里00公尺處東向內側車道,2016,1,0,2
馬公市西文里縣203線0公里300公尺處西向外側車道,2016,1,0,1
湖西鄉西溪村縣202線5公里200公尺處東向外側車道,2016,1,0,2
湖西鄉龍尖港永發倉儲北側道路,2016,1,0,1
七美鄉平和村9-3號前叉路,2016,1,0,1
七美鄉澎42號線5公里300公尺處東向外側車道,2016,1,0,2
湖西鄉成功村縣202線1公里300公尺處南向外側車道,2016,1,0,2
望安鄉中社村鴛鴦窟產業道路,2016,1,0,1
湖西鄉中西村縣203線7公里950公尺處南向內側車道,2016,1,0,2
馬公市石泉里縣204線1公里800公尺處西向外側車道,2016,1,0,1
馬公市光華里縣204線2公里200公尺處西向內側車道,2016,1,0,3
白沙鄉講美村縣203線11公里500公尺處南向外側車道,2016,1,0,2
湖西鄉西溪村縣202線3公里600公尺處西向外側車道,2016,1,0,2
馬公市西文里縣204線1公里100公尺處南向外側車道,2016,1,0,2
白沙鄉通梁村縣203線20公里700公尺處北向中線車道,2016,1,0,2
白沙鄉通梁村縣203線21公里900公尺處北向中外車道,2016,1,0,2
西嶼鄉橫礁村縣203線23公里600公尺處北向外側車道,2016,1,0,2
馬公市安宅里縣203線5公里900公尺處南向外側車道,2016,1,0,2
馬公市光榮里貿商街文光路126巷,2016,1,0,1
馬公市西文里縣204線0公里500公尺處東向外側車道,2016,2,0,3
湖西鄉許家村縣203線6公里00公尺處北向內側車道,2016,1,0,1
湖西鄉隘門村澎20號線0公里950公尺處南向外側車道,2016,1,0,1
馬公市興仁里縣204線3公里900公尺處東向外側車道,2016,2,0,2
湖西鄉西溪村澎13號線5公里350公尺處北向外側車道,2016,1,0,1
七美鄉太陽能電廠段,2016,1,0,2
西嶼鄉內垵村縣203線32公里500公尺處西向外側車道,2016,1,0,2
馬公市井垵里縣201線5公里100公尺處東向外側車道,2016,1,0,2
白沙鄉後寮村縣203線19公里100公尺處東向外側車道,2016,1,0,2
馬公市五德里縣201線3公里800公尺處東向外側車道,2016,1,0,1
白沙鄉講美村縣203線12公里100公尺處東向外側車道,2016,1,0,2
馬公市朝陽村三多路,2016,1,0,1
馬公市西文里縣203線1公里200公尺處南向外側車道,2016,1,0,2
西嶼鄉內垵村172-3號前道路,2016,1,0,2
馬公市西文里永壽街,2016,1,0,2
馬公市西文里永壽街,2017,1,0,1
馬公市光華里縣204線2公里300公尺處西向外側車道,2016,2,0,5
馬公市陽明村中華路大仁街,2016,1,0,1
西嶼鄉外垵村112號村里道路,2016,1,0,2
湖西鄉許家村縣203線6公里100公尺處西向外側車道,2016,1,0,2
西嶼鄉大池村130號縣203線28公里700公尺處南向外側車道,2016,1,0,4
湖西鄉成功村縣202線4公里500公尺處南向外側車道,2016,1,0,1
白沙鄉中屯村縣203線10公里200公尺處南向外側車道,2016,1,0,2
馬公市東衛里縣202線0公里800公尺處東向外側車道,2016,1,0,2
馬公市山水里澎26號線1公里400公尺處北向外側車道,2016,1,0,2
馬公市新復里中正路,2016,1,0,1
湖西鄉成功村縣202線1公里950公尺處北向內側車道,2016,1,0,1
馬公市安宅里縣203線5公里50公尺處北向外側車道,2016,1,0,2
馬公市山水里澎26號線1公里400公尺處南向外側車道,2016,1,0,2
馬公市五德里縣201線3公里750公尺處東向外側車道,2016,2,0,2
馬公市西文里縣203線3公里00公尺處東向外側車道,2016,1,0,2
馬公市東文里縣204線1公里00公尺處東向內側車道,2016,1,0,1
馬公市光復里民生路,2016,1,0,1
馬公市東衛里縣202線0公里500公尺處西向外側車道,2016,1,0,2
七美鄉澎36號道,2016,1,0,2
馬公市菜園里縣205線7公里00公尺處東向內側車道,2016,1,0,1
馬公市東衛里縣202線0公里850公尺處東向外側車道,2016,1,0,2
馬公市興仁里縣204線3公里650公尺處東向外側車道,2016,1,0,1
馬公市東文里縣204線0公里990公尺處東向外側車道,2016,1,0,1
白沙鄉講美村村縣203線11公里700公尺處西向外側車道,2016,1,0,2
湖西鄉白坑村澎13號線0公里900公尺處北向外側車道,2016,1,0,1
西嶼鄉外垵村澎6號線0公里400公尺處東向一般車道,2016,1,0,2
馬公市東衛里縣202線0公里50公尺處西向外側車道,2016,1,0,1
白沙鄉通梁村跨海大橋北端(附近)縣203線20公里700公尺處西向中內車道,2016,1,0,3
馬公市安宅里縣203線5公里550公尺處南向內側車道,2016,1,0,1
湖西鄉林投村縣204線8公里00公尺處東向外側車道,2016,1,0,3
馬公市興仁里縣204線4公里300公尺處東向外側車道,2016,2,0,2
馬公市興仁里縣201線1公里450公尺處北向外側車道,2016,1,0,1
馬公市光華里縣204線3公里70公尺處西向外側車道,2016,1,0,1
馬公市案山里文學路,2016,1,0,1
湖西鄉潭邊村縣203線7公里0公尺處南向外側車道,2016,1,0,2
湖西鄉許家村西側道路,2016,1,0,1
馬公市東文里縣204線1公里300公尺處西向外側車道,2016,1,0,2
馬公市安宅里縣202線4公里900公尺處西向內側車道,2016,1,0,2
白沙鄉中屯村縣203線8公里650公尺處南向外側車道,2016,1,0,2
馬公市興仁里縣204線3公里600公尺處東向外側車道,2016,1,0,1
馬公市烏崁里縣204線4公里400公尺處南向外側車道,2016,1,0,1
馬公市陽明里明遠路,2016,1,0,4
馬公市光榮里文光路126弄東一橫巷,2016,1,0,1
湖西鄉南寮村縣202線8公里150公尺處東向外側車道,2016,1,0,2
湖西鄉湖西村縣204線7公里700公尺處東向外側車道,2016,1,0,1
湖西鄉湖西里縣202線7公里400公尺處西向內側車道,2016,1,0,1
湖西鄉湖東村澎15號線1公里450公尺處東向外側車道,2016,1,0,1
湖西鄉紅羅村2之1號南側岔路,2016,1,0,1
湖西鄉西溪村縣202線3公里700公尺處北向外側車道,2016,1,0,1
馬公市中興里民福路,2016,1,0,1
馬公市五德里縣201線3公里600公尺處東向外側車道,2016,1,0,2
馬公市西文里縣203線2公里550公尺處東向外側車道,2016,1,0,2
馬公市興仁里縣201線1公里400公尺處北向外側車道,2016,1,0,3
湖西鄉南寮村澎14號線0公里450公尺處北向外側車道,2016,1,0,1
馬公市朝陽里朝陽路76弄林森路46巷,2016,1,0,2
馬公市興仁里澎22號線2公里400公尺處西向外側車道,2016,1,0,2
馬公市東衛里縣202線0公里500公尺處東向內側車道,2016,1,0,1
馬公市時裡里縣201線6公里600公尺處東向外側車道,2016,1,0,2
白沙鄉赤崁村漁港新村45前岔路,2016,1,0,1
馬公市朝陽里林森路76弄林森路46巷,2016,1,0,1
湖西鄉湖西村澎13號線0公里150公尺處北向外側車道,2016,1,0,1
馬公市東衛里澎19號線1公里900公尺處南向外側車道,2016,1,0,3
馬公市光榮里文光路126弄貿商街,2016,1,0,1
馬公市西文里縣204線2公里700公尺處西向外側車道,2016,1,0,1
馬公市五德里縣201線4公里400公尺處南向外側車道,2016,1,0,1
馬公市井按里縣201線5公里200公尺處西向外側車道,2016,1,0,1
馬公市東文里澎28號線0公里200公尺處西向外側車道,2016,1,0,1
馬公市西文里縣204線0公里700公尺處東向外側車道,2016,1,0,1
白沙鄉講美村縣203線11公里800公尺處北向內側車道,2016,1,0,3
馬公市安宅里縣203線5公里100公尺處北向內側車道,2016,1,0,2
馬公市中興里民生路文康街,2016,1,0,1
馬公市陽明里中正路大仁街,2016,1,0,3
湖西鄉中西村縣203線8公里300公尺處西向外側車道,2016,1,0,1
湖西鄉隘門村縣204線6公里700公尺處北向內側車道,2016,1,0,2
湖西鄉青螺村澎13號線1公里650公尺處東向外側車道,2016,1,0,2
湖西鄉隘門村澎20號線1公里300公尺處南向外側車道,2016,1,0,2
湖西鄉成功村縣202線1公里550公尺處西向外側車道,2016,1,0,2
白沙鄉赤崁村縣203線16公里00公尺處北向外側車道,2016,1,0,2
湖西鄉潭邊村縣203線7公里00公尺處南向外側車道,2016,1,0,2
馬公市陽明里永順街,2016,1,0,1
馬公市陽明里永順街,2017,5,0,10
七美鄉澎44號道,2016,1,0,2
馬公市西文里縣204線1公里500公尺處西向外側車道,2016,1,0,1
馬公市安宅里縣203線5公里600公尺處北向外側車道,2016,1,0,1
馬公市石泉里縣205線6公里50公尺處西向外側車道,2016,1,0,1
馬公市朝陽村六合路,2016,1,0,2
馬公市東文里縣204線0公里900公尺處東向內側車道,2016,1,0,2
湖西鄉林投村縣204線道路,2016,1,0,1
馬公市西衛里五福路30巷,2016,1,0,1
湖西鄉鼎灣村縣203線7公里40公尺處北向外側車道,2016,1,0,1
馬公市光華里縣204線3公里00公尺處東向內側車道,2016,1,0,1
湖西鄉尖山村縣204線9公里800公尺處東向外側車道,2016,1,0,1
湖西鄉成功村縣202線2公里900公尺處南向外側車道,2016,1,0,1
馬公市烏崁里縣204線5公里600公尺處南向外側車道,2016,1,0,1
馬公市長安里建國路永興街,2016,1,0,1
湖西鄉城北村澎21號線0公里350公尺處西向外側車道,2016,1,0,2
馬公市時裡里縣201線6公里950公尺處東向外側車道,2016,1,0,1
湖西鄉太武村澎13號線6公里50公尺處北向內側車道,2016,1,0,2
白沙鄉赤崁村縣道203線與赤崁聯外道路,2016,1,0,2
湖西鄉成功村縣202線1公里650公尺處南向外側車道,2016,1,0,1
湖西鄉北寮村澎14號線1公里200公尺處北向外側車道,2016,1,0,1
馬公市烏崁里縣204線5公里00公尺處南向外側車道,2016,1,0,2
馬公市西文里文學路民富街,2016,1,0,2
馬公市案山里縣205線4公里150公尺處西向外側車道,2016,1,0,1
湖西鄉龍門村縣202線道路,2016,1,0,1
馬公市東文里縣204線1公里400公尺處東向內側車道,2016,1,0,2
馬公市東衛里縣203線4公里000公尺處東向內側車道,2016,1,0,1
湖西鄉紅羅村縣203線6公里100公尺處東向外側車道,2016,1,0,1
馬公市西文里縣203線2公里950公尺處西向內側車道,2016,1,0,1
白沙鄉通梁村縣203線19公里700公尺處西向外側車道,2016,1,0,2
西嶼鄉外垵村澎6號線0公里500公尺處東向外側車道,2016,1,0,2
湖西鄉南寮村縣202線8公里050公尺處東向內側車道,2016,1,0,1
馬公市朝陽里中華路311巷,2016,1,0,1
馬公市朝陽里中華路311巷,2017,2,0,5
馬公市西衛里三多路樂群街,2016,1,0,1
馬公市西文里縣203線3公里490公尺處東向外側車道,2016,1,0,2
白沙鄉赤崁村澎9號線3公里00公尺處東向一般車道,2016,1,0,1
馬公市西文里縣203線2公里600公尺處西向內側車道,2016,1,0,1
馬公市西文里縣204線1公里050公尺處東向外側車道,2016,1,0,1
湖西鄉尖山村16之4號後方道路,2016,1,0,2
馬公市興仁里縣204線4公里000公尺處東向外側車道,2016,1,0,1
馬公市西文里新生路文前街,2016,1,0,1
西嶼鄉池東村縣203線30公里200公尺處北向外側車道,2016,1,0,3
西嶼鄉大池村縣203線28公里700公尺處北向外側車道,2016,1,0,1
馬公市西文里縣203線3公里900公尺處東向內側車道,2016,1,0,1
馬公市朝陽里文昌街7巷,2016,1,0,2
白沙鄉鎮海村縣203線13公里00公尺處北向外側車道,2016,1,0,1
湖西鄉隘門村縣204線6公里100公尺處東向內側車道,2016,1,0,1
馬公市東衛里縣202線000公里700公尺處東向外側車道,2016,1,0,3
馬公市光復里光復路169巷,2016,1,0,1
馬公市安宅里縣203線5公里200公尺處南向內側車道,2016,1,0,2
馬公市東衛里縣202線0公里150公尺處西向外側車道,2016,1,0,1
馬公市光明里忠孝路65巷,2016,1,0,2
馬公市菜園里縣204線3公里000公尺處西向內側車道,2016,1,0,1
馬公市東文里107之7號後方岔路,2016,1,0,1
馬公市啟明里民福路臨海路6巷,2016,1,0,1
馬公市西文里縣204線0公里700公尺處東向內側車道,2016,1,0,1
馬公市西文里縣204線1公里100公尺處東向外側車道,2016,1,0,2
湖西鄉隘門村縣204線6公里900公尺處西向外側車道,2016,1,0,1
馬公市啟明里中山路2巷,2016,1,0,2
馬公市啟明里中山路2巷,2017,1,0,1
馬公市東衛里縣202線0公里320公尺處西向外側車道,2016,1,0,1
馬公市朝陽里三多路212巷,2016,1,0,2
馬公市安宅里縣203線5公里000公尺處南向外側車道,2016,1,0,1
馬公市西文里縣204線000公里300公尺處西向外側車道,2016,1,0,3
馬公市西文里縣204線000公里500公尺處西向外側車道,2016,1,0,1
馬公市興仁里197號岔路,2016,1,0,1
湖西鄉沙港村17號岔路,2016,1,0,1
馬公市烏崁里縣204線5公里500公尺處北向外側車道,2016,1,0,1
馬公市朝陽里林森路87巷,2016,1,0,1
白沙鄉講美村112-1號縣203線11公里800公尺處東向外側車道,2016,1,0,1
湖西鄉紅羅村縣202線5公里650公尺處東向內側車道,2016,1,0,2
馬公市石泉里縣205線6公里200公尺處東向外側車道,2016,1,0,1
馬公市朝陽里朝陽路184巷,2016,1,0,1
馬公市鐵線里縣201線2公里550公尺處北向外側車道,2016,1,0,1
馬公市案山里文山路151巷,2016,1,0,1
馬公市鎖港里澎25號線2公里500公尺處南向外側車道,2016,1,0,1
馬公市案山里縣205線3公里900公尺處南向外側車道,2016,1,0,1
馬公市案山里縣205線4公里000公尺處南向外側車道,2016,1,0,1
馬公市安宅里縣203線5公里250公尺處北向外側車道,2016,1,0,1
馬公市西文里縣205線1公里700公尺處南向外側車道,2016,1,0,1
望安鄉澎34號道,2017,1,0,2
馬公市光華里縣205線道路,2017,1,0,1
馬公市陽明里永安街18巷,2017,1,0,2
馬公市啟明里漁隆路,2017,1,0,1
白沙鄉303-4號後方村里道路,2017,1,0,1
馬公市西文里澎22號道,2017,3,0,3
馬公市東側岔路,2017,1,0,1
馬公市西文里六合路,2017,4,0,6
馬公市光明里大勇街,2017,1,0,2
馬公市西文里永福街,2017,8,0,11
馬公市菜園里縣205線道路,2017,1,0,1
湖西鄉鼎灣村澎12號道,2017,2,0,5
馬公市烏崁里澎21號道,2017,2,0,3
馬公市光榮里光榮街3巷,2017,1,0,1
馬公市東文里文學路,2017,3,0,5
馬公市三多路,2017,3,0,4
馬公市光榮里樂群街,2017,1,0,2
馬公市重光里民族路,2017,1,0,2
馬公市朝陽里陽明路,2017,3,0,4
湖西鄉太武北營區旁道路,2017,1,0,1
馬公市光復里樹德路,2017,2,0,3
西嶼鄉澎2號道,2017,1,0,2
馬公市重光里五福路,2017,2,0,2
馬公市啟明里興港南街,2017,1,0,1
馬公市陽明里新村路,2017,2,0,3
西嶼鄉村里道路,2017,1,0,1
馬公市案山里大賢街,2017,2,0,2
白沙鄉鎮海國中前岔路,2017,1,0,1
馬公市陽明里文林街,2017,3,0,4
馬公市長安里民生路49巷,2017,1,0,1
馬公市長安里光武街,2017,1,0,1
西嶼鄉旁村里道路,2017,1,0,2
七美鄉海豐村1鄰澎42號道,2017,1,0,1
馬公市光榮里自強街,2017,1,0,1
白沙鄉澎8號道與縣道203線岔路,2017,1,0,2
馬公市西文里永祿街,2017,1,0,1
七美鄉濱海道路,2017,1,0,2
馬公市光復里水源路,2017,1,0,2
馬公市鎖港里澎27號道,2017,1,0,1
馬公市長安里樹德路,2017,1,0,2
湖西鄉成功村澎11號道,2017,1,0,1
白沙鄉縣道203線與赤崁聯外道路,2017,1,0,1
馬公市啟明里海埔路,2017,1,0,2
馬公市140之55號前岔路,2017,1,0,2
湖西鄉東側100公尺處岔路,2017,1,0,3
"七美鄉澎44號線 3公里50.0公尺處北向南港段",2017,1,0,1
馬公市五福路、五福路3巷,2017,1,0,2
馬公市林森路、林森路81巷,2017,1,0,1
望安鄉澎34號道5.5公里處(望安碼頭段,2017,1,0,2
馬公市水源、北辰街,2017,1,0,1
湖西鄉潭邊村澎12號道路,2017,3,0,5
馬公市東文里文明路126巷,2017,1,0,1
馬公市朝陽里永泰街,2017,1,0,1
白沙鄉白沙鄉通梁國宅社區12號前岔路,2017,1,0,2
馬公市文光路,2017,1,0,1
馬公市東衛里90之19號東側岔路,2017,1,0,1
湖西鄉澎13號道,2017,2,0,3
馬公市水源路,2017,1,0,1
馬公市海埔路,2017,1,0,1
馬公市永泰街,2017,1,0,2
馬公市西文里文山路,2017,3,0,7
馬公市案山里大賢街188巷,2017,1,0,1
七美鄉澎43號道海豐村下宮11之1號後道路,2017,1,0,3
馬公市鎖港里506號旁岔路,2017,1,0,2
湖西鄉澎14號道,2017,1,0,1
馬公市澎26號道,2017,2,0,4
馬公市菜園里縣205道路,2017,1,0,2
馬公市澎28號道,2017,4,0,6
七美鄉南港村澎36號道1.7公里處岔路,2017,1,0,1
西嶼鄉二崁村一路,2017,1,0,1
湖西鄉縣道204線、澎20號道岔路,2017,1,0,2
馬公市石泉里2之32號前岔路,2017,1,0,2
馬公市東衛里115號之3後方道路,2017,1,0,2
馬公市案山里27之號3前岔路,2017,1,0,1
馬公市同和路,2017,1,0,3
白沙鄉赤崁村2之10號旁聯外道路,2017,1,0,3
馬公市鎖港里390-1號南側岔路,2017,1,0,2
馬公市山水里54之8號前道路,2017,1,0,3
馬公市東衛里45號之3前岔路,2017,1,0,1
馬公市復興里新復路,2017,1,0,1
湖西鄉澎21號道路,2017,1,0,1
馬公市朝陽里林森路81巷,2017,1,0,1
馬公市山水里137之6號前岔路,2017,1,0,2
馬公市西衛里敬業街,2017,1,0,1
湖西鄉龍門村75號後方道路,2017,1,0,3
馬公市西文里10-3號前岔路,2017,1,0,1
馬公市長安里惠安一路,2017,1,0,1
馬公市西衛里45號旁岔路,2017,1,0,2
馬公市陽明里永平街,2017,1,0,1
馬公市中興里新村路,2017,1,0,2
馬公市光明路,2017,1,0,3
馬公市朝陽里文昌街2巷,2017,1,0,2
馬公市長安里永興街,2017,1,0,1
馬公市西文里10之3號旁道路,2017,1,0,1
湖西鄉北寮村41之1號旁岔路,2017,1,0,3
湖西鄉澎19號道,2017,1,0,2
馬公市陽明路,2017,1,0,1
七美鄉海豐村五福橋路,2017,1,0,3
馬公市西文里6之1號旁岔路,2017,1,0,3
馬公市烏崁里澎21號道路,2017,1,0,1
